id,label,transliter_kmu2010,name,is_uppercase,type,is_alternate,top,bottom,left,right,height,width,filename,btop,bbottom,bleft,bright
1,а,a,a,False,italic,False,69,130,67,132,61,65,glyphs/a-0.png,68.0,132.0,70.0,131.0
2,а,a,a,False,italic,False,64,134,62,136,70,74,glyphs/a-1.png,61.0,128.0,60.0,126.0
3,а,a,a,False,italic,False,66,132,69,130,66,61,glyphs/a-2.png,68.0,132.0,65.0,128.0
4,а,a,a,False,italic,False,64,134,69,130,70,61,glyphs/a-3.png,60.0,122.0,67.0,124.0
5,а,a,a,False,italic,False,68,131,66,133,63,67,glyphs/a-4.png,61.0,128.0,65.0,128.0
6,а,a,a,False,italic,False,68,131,73,126,63,53,glyphs/a-5.png,69.0,127.0,66.0,133.0
7,а,a,a,False,italic,False,62,137,69,130,75,61,glyphs/a-6.png,63.0,130.0,58.0,136.0
8,а,a,a,False,italic,False,67,132,70,129,65,59,glyphs/a-7.png,65.0,128.0,65.0,135.0
9,а,a,a,False,italic,False,66,132,64,135,66,71,glyphs/a-8.png,62.0,124.0,65.0,127.0
10,а,a,a,False,italic,False,65,134,65,134,69,69,glyphs/a-9.png,76.0,135.0,68.0,137.0
11,а,a,a,False,italic,False,67,131,64,134,64,70,glyphs/a-10.png,62.0,129.0,69.0,127.0
12,а,a,a,False,italic,False,65,134,70,129,69,59,glyphs/a-11.png,64.0,123.0,63.0,129.0
13,а,a,a,False,italic,False,62,137,63,136,75,73,glyphs/a-12.png,61.0,124.0,60.0,129.0
14,а,a,a,False,italic,False,70,128,54,145,58,91,glyphs/a-13.png,69.0,132.0,67.0,134.0
15,а,a,a,False,italic,False,65,134,63,135,69,72,glyphs/a-14.png,59.0,125.0,63.0,138.0
16,а,a,a,False,italic,False,59,140,65,133,81,68,glyphs/a-15.png,65.0,132.0,62.0,137.0
17,а,a,a,False,italic,False,58,140,51,148,82,97,glyphs/a-16.png,66.0,135.0,57.0,131.0
18,а,a,a,False,italic,False,61,137,61,138,76,77,glyphs/a-17.png,60.0,137.0,57.0,137.0
19,а,a,a,False,italic,False,57,142,48,150,85,102,glyphs/a-18.png,50.0,150.0,60.0,143.0
20,а,a,a,False,italic,False,52,147,64,135,95,71,glyphs/a-19.png,59.0,128.0,51.0,144.0
21,б,b,b,False,italic,False,70,128,52,147,58,95,glyphs/b-0.png,89.0,149.0,66.0,133.0
22,б,b,b,False,italic,False,61,138,62,137,77,75,glyphs/b-1.png,89.0,137.0,59.0,107.0
23,б,b,b,False,italic,False,72,126,44,154,54,110,glyphs/b-2.png,98.0,153.0,69.0,129.0
24,б,b,b,False,italic,False,42,156,41,158,114,117,glyphs/b-3.png,91.0,159.0,44.0,105.0
25,б,b,b,False,italic,False,71,128,52,147,57,95,glyphs/b-4.png,92.0,148.0,79.0,133.0
26,б,b,b,False,italic,False,64,135,52,146,71,94,glyphs/b-5.png,100.0,147.0,61.0,112.0
27,б,b,b,False,italic,False,69,130,49,149,61,100,glyphs/b-6.png,100.0,148.0,86.0,133.0
28,б,b,b,False,italic,False,56,142,42,156,86,114,glyphs/b-7.png,106.0,156.0,98.0,144.0
29,б,b,b,False,italic,False,48,151,49,149,103,100,glyphs/b-8.png,96.0,149.0,50.0,110.0
30,б,b,b,False,italic,False,47,151,66,132,104,66,glyphs/b-9.png,81.0,130.0,44.0,123.0
31,б,b,b,False,italic,False,72,126,26,172,54,146,glyphs/b-10.png,118.0,173.0,73.0,120.0
32,б,b,b,False,italic,False,76,122,41,157,46,116,glyphs/b-11.png,115.0,156.0,76.0,123.0
33,б,b,b,False,italic,False,71,127,48,151,56,103,glyphs/b-12.png,109.0,152.0,72.0,114.0
34,б,b,b,False,italic,False,60,139,49,149,79,100,glyphs/b-13.png,107.0,149.0,59.0,108.0
35,б,b,b,False,italic,False,69,130,38,161,61,123,glyphs/b-14.png,119.0,162.0,70.0,119.0
36,б,b,b,False,italic,False,57,141,48,150,84,102,glyphs/b-15.png,107.0,149.0,57.0,118.0
37,б,b,b,False,italic,False,51,148,56,143,97,87,glyphs/b-16.png,101.0,142.0,49.0,97.0
38,б,b,b,False,italic,False,59,139,43,155,80,112,glyphs/b-17.png,110.0,153.0,96.0,142.0
39,б,b,b,False,italic,False,71,128,42,157,57,115,glyphs/b-18.png,104.0,157.0,71.0,118.0
40,б,b,b,False,italic,False,65,134,42,156,69,114,glyphs/b-19.png,111.0,156.0,66.0,104.0
41,в,v,v,False,italic,False,73,125,43,155,52,112,glyphs/v-0.png,112.0,157.0,76.0,125.0
42,в,v,v,False,italic,False,71,127,46,152,56,106,glyphs/v-1.png,110.0,152.0,69.0,105.0
43,в,v,v,False,italic,False,70,129,47,151,59,104,glyphs/v-2.png,109.0,150.0,75.0,118.0
44,в,v,v,False,italic,False,73,126,40,159,53,119,glyphs/v-3.png,113.0,159.0,77.0,123.0
45,в,v,v,False,italic,False,73,125,33,166,52,133,glyphs/v-4.png,105.0,165.0,76.0,121.0
46,в,v,v,False,italic,False,61,137,36,162,76,126,glyphs/v-5.png,105.0,161.0,73.0,123.0
47,в,v,v,False,italic,False,72,127,41,157,55,116,glyphs/v-6.png,107.0,155.0,73.0,113.0
48,в,v,v,False,italic,False,69,130,33,166,61,133,glyphs/v-7.png,111.0,165.0,70.0,130.0
49,в,v,v,False,italic,False,78,121,50,148,43,98,glyphs/v-8.png,111.0,155.0,76.0,123.0
50,в,v,v,False,italic,False,76,122,35,164,46,129,glyphs/v-9.png,114.0,165.0,77.0,122.0
51,в,v,v,False,italic,False,63,135,39,160,72,121,glyphs/v-10.png,107.0,160.0,72.0,120.0
52,в,v,v,False,italic,False,77,122,36,162,45,126,glyphs/v-11.png,113.0,162.0,74.0,123.0
53,в,v,v,False,italic,False,72,127,39,160,55,121,glyphs/v-12.png,113.0,162.0,74.0,123.0
54,в,v,v,False,italic,False,68,130,28,170,62,142,glyphs/v-13.png,115.0,171.0,64.0,111.0
55,в,v,v,False,italic,False,78,120,49,150,42,101,glyphs/v-14.png,102.0,152.0,77.0,123.0
56,в,v,v,False,italic,False,75,124,38,160,49,122,glyphs/v-15.png,115.0,159.0,75.0,125.0
57,в,v,v,False,italic,False,71,128,42,156,57,114,glyphs/v-16.png,115.0,159.0,75.0,125.0
58,в,v,v,False,italic,False,63,135,40,159,72,119,glyphs/v-17.png,115.0,159.0,75.0,125.0
59,в,v,v,False,italic,False,73,125,41,158,52,117,glyphs/v-18.png,115.0,159.0,75.0,125.0
60,г,h,h,False,italic,False,70,129,72,126,59,54,glyphs/h-0.png,71.0,127.0,69.0,130.0
61,г,h,h,False,italic,False,61,138,71,127,77,56,glyphs/h-1.png,72.0,128.0,60.0,131.0
62,г,h,h,False,italic,False,72,127,64,134,55,70,glyphs/h-2.png,62.0,136.0,72.0,137.0
63,г,h,h,False,italic,False,80,118,65,134,38,69,glyphs/h-3.png,58.0,135.0,73.0,128.0
64,г,h,h,False,italic,False,67,132,70,129,65,59,glyphs/h-4.png,63.0,130.0,62.0,132.0
65,г,h,h,False,italic,False,76,122,70,128,46,58,glyphs/h-5.png,67.0,129.0,70.0,126.0
66,г,h,h,False,italic,False,58,140,61,137,82,76,glyphs/h-6.png,59.0,137.0,57.0,135.0
67,г,h,h,False,italic,False,62,137,69,129,75,60,glyphs/h-7.png,67.0,128.0,59.0,134.0
68,г,h,h,False,italic,False,75,124,64,134,49,70,glyphs/h-8.png,60.0,133.0,70.0,126.0
69,г,h,h,False,italic,False,66,133,65,133,67,68,glyphs/h-9.png,64.0,133.0,64.0,130.0
70,г,h,h,False,italic,False,60,138,69,129,78,60,glyphs/h-10.png,70.0,131.0,57.0,137.0
71,г,h,h,False,italic,False,75,124,58,141,49,83,glyphs/h-11.png,57.0,142.0,67.0,132.0
72,г,h,h,False,italic,False,65,134,68,131,69,63,glyphs/h-12.png,65.0,133.0,63.0,135.0
73,г,h,h,False,italic,False,61,137,60,139,76,79,glyphs/h-13.png,59.0,140.0,56.0,137.0
74,г,h,h,False,italic,False,58,141,67,131,83,64,glyphs/h-14.png,65.0,132.0,58.0,135.0
75,г,h,h,False,italic,False,73,126,61,137,53,76,glyphs/h-15.png,60.0,135.0,73.0,128.0
76,г,h,h,False,italic,False,62,136,63,136,74,73,glyphs/h-16.png,63.0,135.0,60.0,134.0
77,г,h,h,False,italic,False,63,135,61,137,72,76,glyphs/h-17.png,63.0,135.0,60.0,134.0
78,г,h,h,False,italic,False,53,146,66,132,93,66,glyphs/h-18.png,64.0,132.0,51.0,136.0
79,г,h,h,False,italic,False,74,124,63,135,50,72,glyphs/h-19.png,62.0,136.0,72.0,133.0
80,ґ,g,g,False,italic,False,56,142,61,138,86,77,glyphs/g-0.png,63.0,138.0,59.0,130.0
81,ґ,g,g,False,italic,False,49,149,65,134,100,69,glyphs/g-1.png,63.0,135.0,54.0,139.0
82,ґ,g,g,False,italic,False,64,134,54,144,70,90,glyphs/g-2.png,59.0,142.0,57.0,132.0
83,ґ,g,g,False,italic,False,51,148,72,127,97,55,glyphs/g-3.png,67.0,130.0,56.0,133.0
84,ґ,g,g,False,italic,False,58,140,60,139,82,79,glyphs/g-4.png,55.0,138.0,55.0,133.0
85,ґ,g,g,False,italic,False,59,139,53,145,80,92,glyphs/g-5.png,55.0,138.0,55.0,133.0
86,ґ,g,g,False,italic,False,47,151,58,141,104,83,glyphs/g-6.png,55.0,138.0,55.0,133.0
87,ґ,g,g,False,italic,False,53,145,57,141,92,84,glyphs/g-7.png,55.0,138.0,55.0,133.0
88,ґ,g,g,False,italic,False,46,152,59,139,106,80,glyphs/g-8.png,55.0,138.0,55.0,133.0
89,ґ,g,g,False,italic,False,75,124,49,149,49,100,glyphs/g-9.png,54.0,147.0,60.0,134.0
90,ґ,g,g,False,italic,False,69,129,55,143,60,88,glyphs/g-10.png,50.0,143.0,62.0,130.0
91,ґ,g,g,False,italic,False,70,129,63,135,59,72,glyphs/g-11.png,63.0,134.0,68.0,125.0
92,ґ,g,g,False,italic,False,58,141,52,146,83,94,glyphs/g-12.png,56.0,147.0,58.0,137.0
93,ґ,g,g,False,italic,False,49,150,55,144,101,89,glyphs/g-13.png,58.0,143.0,49.0,146.0
94,ґ,g,g,False,italic,False,35,163,63,135,128,72,glyphs/g-14.png,54.0,135.0,37.0,155.0
95,ґ,g,g,False,italic,False,41,157,61,138,116,77,glyphs/g-15.png,68.0,137.0,41.0,143.0
96,ґ,g,g,False,italic,False,51,148,45,153,97,108,glyphs/g-16.png,59.0,153.0,49.0,141.0
97,ґ,g,g,False,italic,False,52,146,55,144,94,89,glyphs/g-17.png,56.0,144.0,52.0,138.0
98,ґ,g,g,False,italic,False,48,151,46,152,103,106,glyphs/g-18.png,49.0,153.0,47.0,145.0
99,ґ,g,g,False,italic,False,41,158,66,132,117,66,glyphs/g-19.png,58.0,133.0,48.0,146.0
100,д,d,d,False,italic,False,69,129,55,143,60,88,glyphs/d-0.png,51.0,107.0,63.0,122.0
101,д,d,d,False,italic,False,67,131,44,155,64,111,glyphs/d-1.png,43.0,93.0,68.0,119.0
102,д,d,d,False,italic,False,73,125,52,147,52,95,glyphs/d-2.png,45.0,98.0,78.0,125.0
103,д,d,d,False,italic,False,66,133,37,162,67,125,glyphs/d-3.png,36.0,89.0,76.0,129.0
104,д,d,d,False,italic,False,52,146,31,167,94,136,glyphs/d-4.png,28.0,90.0,79.0,146.0
105,д,d,d,False,italic,False,67,131,41,157,64,116,glyphs/d-5.png,35.0,93.0,67.0,123.0
106,д,d,d,False,italic,False,70,128,36,162,58,126,glyphs/d-6.png,34.0,96.0,76.0,133.0
107,д,d,d,False,italic,False,65,134,43,155,69,112,glyphs/d-7.png,37.0,91.0,60.0,126.0
108,д,d,d,False,italic,False,65,133,40,159,68,119,glyphs/d-8.png,34.0,94.0,68.0,118.0
109,д,d,d,False,italic,False,54,145,40,158,91,118,glyphs/d-9.png,38.0,97.0,51.0,121.0
110,д,d,d,False,italic,False,69,130,29,170,61,141,glyphs/d-10.png,25.0,75.0,62.0,110.0
111,д,d,d,False,italic,True,64,135,52,147,71,95,glyphs/d-11.png,92.0,149.0,82.0,134.0
112,д,d,d,False,italic,True,62,137,41,157,75,116,glyphs/d-12.png,38.0,86.0,76.0,128.0
113,д,d,d,False,italic,True,48,150,46,152,102,106,glyphs/d-13.png,41.0,86.0,79.0,132.0
114,д,d,d,False,italic,True,62,137,40,158,75,118,glyphs/d-14.png,34.0,82.0,60.0,133.0
115,д,d,d,False,italic,True,58,140,33,166,82,133,glyphs/d-15.png,122.0,168.0,54.0,129.0
116,д,d,d,False,italic,True,55,144,52,147,89,95,glyphs/d-16.png,97.0,147.0,89.0,145.0
117,д,d,d,False,italic,True,65,134,42,157,69,115,glyphs/d-17.png,105.0,156.0,65.0,120.0
118,д,d,d,False,italic,True,64,135,44,154,71,110,glyphs/d-18.png,105.0,156.0,65.0,120.0
119,д,d,d,False,italic,True,64,135,48,150,71,102,glyphs/d-19.png,98.0,152.0,78.0,140.0
120,е,e,e,False,italic,False,77,122,74,125,45,51,glyphs/e-0.png,71.0,125.0,75.0,125.0
121,е,e,e,False,italic,False,69,130,50,149,61,99,glyphs/e-1.png,50.0,150.0,70.0,131.0
122,е,e,e,False,italic,False,71,127,56,143,56,87,glyphs/e-2.png,53.0,142.0,72.0,127.0
123,е,e,e,False,italic,False,67,132,56,142,65,86,glyphs/e-3.png,57.0,141.0,64.0,133.0
124,е,e,e,False,italic,False,77,121,52,147,44,95,glyphs/e-4.png,51.0,145.0,71.0,124.0
125,е,e,e,False,italic,False,75,123,60,139,48,79,glyphs/e-5.png,56.0,140.0,74.0,123.0
126,е,e,e,False,italic,False,66,132,64,134,66,70,glyphs/e-6.png,57.0,133.0,64.0,134.0
127,е,e,e,False,italic,False,66,132,44,155,66,111,glyphs/e-7.png,43.0,155.0,59.0,132.0
128,е,e,e,False,italic,False,66,132,62,137,66,75,glyphs/e-8.png,58.0,136.0,62.0,133.0
129,е,e,e,False,italic,False,74,124,54,144,50,90,glyphs/e-9.png,52.0,145.0,61.0,126.0
130,е,e,e,False,italic,False,63,136,62,137,73,75,glyphs/e-10.png,59.0,136.0,70.0,139.0
131,е,e,e,False,italic,False,66,132,62,137,66,75,glyphs/e-11.png,63.0,136.0,63.0,132.0
132,е,e,e,False,italic,False,72,127,60,139,55,79,glyphs/e-12.png,58.0,138.0,68.0,127.0
133,е,e,e,False,italic,False,62,136,50,148,74,98,glyphs/e-13.png,54.0,147.0,63.0,139.0
134,е,e,e,False,italic,False,70,129,63,135,59,72,glyphs/e-14.png,65.0,135.0,65.0,131.0
135,е,e,e,False,italic,False,66,133,50,148,67,98,glyphs/e-15.png,48.0,150.0,70.0,131.0
136,е,e,e,False,italic,False,65,134,57,142,69,85,glyphs/e-16.png,50.0,142.0,66.0,136.0
137,е,e,e,False,italic,False,69,130,54,144,61,90,glyphs/e-17.png,50.0,142.0,66.0,136.0
138,е,e,e,False,italic,False,70,129,51,148,59,97,glyphs/e-18.png,47.0,148.0,66.0,128.0
139,е,e,e,False,italic,False,65,133,55,143,68,88,glyphs/e-19.png,47.0,148.0,66.0,128.0
140,д,d,d,False,italic,False,63,135,48,150,72,102,glyphs/d-20.png,90.0,151.0,84.0,136.0
141,д,d,d,False,italic,False,61,137,48,151,76,103,glyphs/d-21.png,100.0,154.0,83.0,130.0
142,д,d,d,False,italic,False,65,134,55,144,69,89,glyphs/d-22.png,96.0,144.0,94.0,133.0
143,д,d,d,False,italic,False,63,135,58,141,72,83,glyphs/d-23.png,93.0,141.0,64.0,131.0
144,д,d,d,False,italic,False,51,148,55,143,97,88,glyphs/d-24.png,95.0,143.0,70.0,141.0
145,д,d,d,False,italic,False,67,132,44,155,65,111,glyphs/d-25.png,100.0,155.0,87.0,134.0
146,д,d,d,False,italic,False,64,135,52,146,71,94,glyphs/d-26.png,92.0,145.0,77.0,132.0
147,д,d,d,False,italic,False,57,142,51,148,85,97,glyphs/d-27.png,99.0,148.0,87.0,140.0
148,д,d,d,False,italic,False,75,124,56,143,49,87,glyphs/d-28.png,90.0,142.0,78.0,125.0
149,д,d,d,False,italic,False,68,130,50,148,62,98,glyphs/d-29.png,99.0,147.0,83.0,132.0
150,д,d,d,False,italic,False,69,130,53,145,61,92,glyphs/d-30.png,93.0,144.0,73.0,130.0
151,д,d,d,False,italic,False,55,144,41,158,89,117,glyphs/d-31.png,39.0,98.0,88.0,142.0
152,д,d,d,False,italic,False,68,131,50,148,63,98,glyphs/d-32.png,44.0,97.0,64.0,115.0
153,д,d,d,False,italic,False,81,118,41,157,37,116,glyphs/d-33.png,41.0,97.0,78.0,121.0
154,д,d,d,False,italic,False,69,130,43,155,61,112,glyphs/d-34.png,37.0,93.0,63.0,110.0
155,д,d,d,False,italic,False,53,145,48,150,92,102,glyphs/d-35.png,41.0,93.0,76.0,140.0
156,д,d,d,False,italic,False,76,123,42,157,47,115,glyphs/d-36.png,34.0,89.0,69.0,121.0
157,д,d,d,False,italic,False,49,150,37,162,101,125,glyphs/d-37.png,35.0,92.0,58.0,114.0
158,д,d,d,False,italic,False,50,149,41,157,99,116,glyphs/d-38.png,43.0,100.0,51.0,119.0
159,д,d,d,False,italic,False,71,128,47,152,57,105,glyphs/d-39.png,44.0,102.0,78.0,127.0
160,є,ye,ye,False,italic,False,76,123,67,132,47,65,glyphs/ye-0.png,61.0,133.0,77.0,124.0
161,є,ye,ye,False,italic,False,74,124,63,136,50,73,glyphs/ye-1.png,62.0,135.0,73.0,125.0
162,є,ye,ye,False,italic,False,75,123,67,131,48,64,glyphs/ye-2.png,63.0,131.0,76.0,130.0
163,є,ye,ye,False,italic,False,73,126,63,135,53,72,glyphs/ye-3.png,64.0,134.0,74.0,125.0
164,є,ye,ye,False,italic,False,75,123,65,133,48,68,glyphs/ye-4.png,64.0,134.0,75.0,124.0
165,є,ye,ye,False,italic,False,66,133,49,150,67,101,glyphs/ye-5.png,49.0,148.0,66.0,132.0
166,є,ye,ye,False,italic,False,72,127,52,146,55,94,glyphs/ye-6.png,51.0,147.0,71.0,130.0
167,є,ye,ye,False,italic,False,75,124,66,132,49,66,glyphs/ye-7.png,64.0,133.0,72.0,125.0
168,є,ye,ye,False,italic,False,73,126,60,138,53,78,glyphs/ye-8.png,57.0,139.0,76.0,129.0
169,є,ye,ye,False,italic,False,62,136,58,141,74,83,glyphs/ye-9.png,58.0,141.0,68.0,139.0
170,є,ye,ye,False,italic,False,75,124,61,138,49,77,glyphs/ye-10.png,61.0,138.0,71.0,124.0
171,є,ye,ye,False,italic,False,76,122,63,135,46,72,glyphs/ye-11.png,58.0,134.0,78.0,123.0
172,є,ye,ye,False,italic,False,81,118,60,138,37,78,glyphs/ye-12.png,55.0,138.0,76.0,120.0
173,є,ye,ye,False,italic,False,78,120,59,139,42,80,glyphs/ye-13.png,59.0,140.0,77.0,123.0
174,є,ye,ye,False,italic,False,82,116,60,139,34,79,glyphs/ye-14.png,58.0,139.0,80.0,119.0
175,є,ye,ye,False,italic,False,83,116,64,134,33,70,glyphs/ye-15.png,66.0,133.0,79.0,122.0
176,є,ye,ye,False,italic,False,77,122,62,137,45,75,glyphs/ye-16.png,60.0,137.0,76.0,122.0
177,є,ye,ye,False,italic,False,82,116,54,145,34,91,glyphs/ye-17.png,53.0,144.0,76.0,129.0
178,є,ye,ye,False,italic,False,77,121,60,139,44,79,glyphs/ye-18.png,58.0,138.0,74.0,129.0
179,є,ye,ye,False,italic,False,73,126,58,141,53,83,glyphs/ye-19.png,55.0,141.0,71.0,127.0
180,ж,zh,zh,False,italic,False,31,168,62,136,137,74,glyphs/zh-0.png,60.0,134.0,31.0,167.0
181,ж,zh,zh,False,italic,False,42,157,73,126,115,53,glyphs/zh-1.png,68.0,128.0,38.0,159.0
182,ж,zh,zh,False,italic,False,49,150,66,132,101,66,glyphs/zh-2.png,67.0,121.0,53.0,150.0
183,ж,zh,zh,False,italic,False,53,145,61,137,92,76,glyphs/zh-3.png,66.0,134.0,53.0,143.0
184,ж,zh,zh,False,italic,False,50,149,58,140,99,82,glyphs/zh-4.png,63.0,122.0,54.0,149.0
185,ж,zh,zh,False,italic,False,48,151,68,130,103,62,glyphs/zh-5.png,68.0,125.0,54.0,152.0
186,ж,zh,zh,False,italic,False,49,149,66,132,100,66,glyphs/zh-6.png,65.0,132.0,46.0,149.0
187,ж,zh,zh,False,italic,False,42,157,65,134,115,69,glyphs/zh-7.png,62.0,127.0,44.0,151.0
188,ж,zh,zh,False,italic,False,58,140,63,136,82,73,glyphs/zh-8.png,64.0,136.0,56.0,136.0
189,ж,zh,zh,False,italic,False,42,157,62,136,115,74,glyphs/zh-9.png,63.0,135.0,51.0,156.0
190,ж,zh,zh,False,italic,False,48,150,69,129,102,60,glyphs/zh-10.png,59.0,130.0,47.0,148.0
191,ж,zh,zh,False,italic,False,47,152,69,130,105,61,glyphs/zh-11.png,64.0,129.0,46.0,141.0
192,ж,zh,zh,False,italic,False,50,148,64,135,98,71,glyphs/zh-12.png,67.0,134.0,50.0,144.0
193,ж,zh,zh,False,italic,False,57,142,62,137,85,75,glyphs/zh-13.png,60.0,130.0,56.0,143.0
194,ж,zh,zh,False,italic,False,52,146,57,141,94,84,glyphs/zh-14.png,60.0,130.0,56.0,143.0
195,ж,zh,zh,False,italic,False,60,139,67,131,79,64,glyphs/zh-15.png,65.0,132.0,59.0,136.0
196,ж,zh,zh,False,italic,False,53,145,60,138,92,78,glyphs/zh-16.png,59.0,134.0,52.0,145.0
197,ж,zh,zh,False,italic,False,45,153,51,147,108,96,glyphs/zh-17.png,55.0,133.0,52.0,150.0
198,ж,zh,zh,False,italic,False,54,145,60,138,91,78,glyphs/zh-18.png,54.0,137.0,55.0,143.0
199,ж,zh,zh,False,italic,False,44,155,66,133,111,67,glyphs/zh-19.png,60.0,130.0,45.0,154.0
200,ж,zh,zh,False,italic,True,40,158,67,132,118,65,glyphs/zh-20.png,61.0,130.0,38.0,153.0
201,ж,zh,zh,False,italic,True,49,149,67,131,100,64,glyphs/zh-21.png,66.0,127.0,45.0,149.0
202,ж,zh,zh,False,italic,True,44,155,68,130,111,62,glyphs/zh-22.png,69.0,128.0,47.0,151.0
203,ж,zh,zh,False,italic,True,49,150,70,128,101,58,glyphs/zh-23.png,62.0,126.0,48.0,146.0
204,ж,zh,zh,False,italic,True,75,124,65,133,49,68,glyphs/zh-24.png,60.0,134.0,69.0,140.0
205,ж,zh,zh,False,italic,True,66,133,56,142,67,86,glyphs/zh-25.png,57.0,137.0,67.0,142.0
206,ж,zh,zh,False,italic,True,55,143,64,135,88,71,glyphs/zh-26.png,63.0,140.0,59.0,145.0
207,ж,zh,zh,False,italic,True,51,147,61,138,96,77,glyphs/zh-27.png,59.0,140.0,49.0,150.0
208,ж,zh,zh,False,italic,True,51,148,59,140,97,81,glyphs/zh-28.png,59.0,140.0,49.0,150.0
209,ж,zh,zh,False,italic,True,64,135,55,143,71,88,glyphs/zh-29.png,55.0,143.0,66.0,134.0
210,ж,zh,zh,False,italic,True,51,148,65,134,97,69,glyphs/zh-30.png,67.0,133.0,56.0,142.0
211,ж,zh,zh,False,italic,True,47,152,66,132,105,66,glyphs/zh-31.png,65.0,129.0,47.0,152.0
212,ж,zh,zh,False,italic,True,43,155,68,131,112,63,glyphs/zh-32.png,69.0,130.0,41.0,155.0
213,ж,zh,zh,False,italic,True,49,150,66,132,101,66,glyphs/zh-33.png,69.0,132.0,46.0,151.0
214,ж,zh,zh,False,italic,True,48,151,61,138,103,77,glyphs/zh-34.png,62.0,136.0,49.0,150.0
215,ж,zh,zh,False,italic,True,53,146,67,131,93,64,glyphs/zh-35.png,60.0,129.0,52.0,145.0
216,ж,zh,zh,False,italic,True,43,155,61,137,112,76,glyphs/zh-36.png,60.0,130.0,49.0,156.0
217,ж,zh,zh,False,italic,True,40,158,58,140,118,82,glyphs/zh-37.png,61.0,133.0,42.0,153.0
218,ж,zh,zh,False,italic,True,47,151,67,132,104,65,glyphs/zh-38.png,61.0,133.0,47.0,150.0
219,ж,zh,zh,False,italic,True,38,160,66,133,122,67,glyphs/zh-39.png,61.0,133.0,47.0,150.0
220,з,z,z,False,italic,False,63,135,44,154,72,110,glyphs/z-0.png,41.0,93.0,63.0,114.0
221,з,z,z,False,italic,False,71,127,39,159,56,120,glyphs/z-1.png,38.0,99.0,67.0,119.0
222,з,z,z,False,italic,False,70,129,45,153,59,108,glyphs/z-2.png,42.0,101.0,66.0,110.0
223,з,z,z,False,italic,False,66,132,38,160,66,122,glyphs/z-3.png,36.0,93.0,64.0,115.0
224,з,z,z,False,italic,False,61,137,40,158,76,118,glyphs/z-4.png,43.0,101.0,63.0,111.0
225,з,z,z,False,italic,False,64,135,38,161,71,123,glyphs/z-5.png,40.0,96.0,61.0,112.0
226,з,z,z,False,italic,False,63,136,38,160,73,122,glyphs/z-6.png,37.0,88.0,64.0,115.0
227,з,z,z,False,italic,False,68,130,40,159,62,119,glyphs/z-7.png,34.0,106.0,67.0,123.0
228,з,z,z,False,italic,False,69,130,53,146,61,93,glyphs/z-8.png,52.0,106.0,65.0,121.0
229,з,z,z,False,italic,False,67,131,64,135,64,71,glyphs/z-9.png,62.0,102.0,63.0,121.0
230,з,z,z,False,italic,False,54,145,35,164,91,129,glyphs/z-10.png,30.0,96.0,52.0,109.0
231,з,z,z,False,italic,False,61,137,40,158,76,118,glyphs/z-11.png,40.0,105.0,67.0,123.0
232,з,z,z,False,italic,False,71,127,43,156,56,113,glyphs/z-12.png,42.0,107.0,80.0,130.0
233,з,z,z,False,italic,False,58,140,47,152,82,105,glyphs/z-13.png,44.0,102.0,56.0,112.0
234,з,z,z,False,italic,False,68,131,45,153,63,108,glyphs/z-14.png,44.0,103.0,64.0,126.0
235,з,z,z,False,italic,False,60,138,50,148,78,98,glyphs/z-15.png,41.0,103.0,56.0,119.0
236,з,z,z,False,italic,False,58,141,43,155,83,112,glyphs/z-16.png,41.0,102.0,58.0,112.0
237,з,z,z,False,italic,False,60,138,48,151,78,103,glyphs/z-17.png,43.0,95.0,58.0,109.0
238,з,z,z,False,italic,False,58,140,49,150,82,101,glyphs/z-18.png,48.0,97.0,54.0,115.0
239,з,z,z,False,italic,False,71,127,47,151,56,104,glyphs/z-19.png,46.0,105.0,63.0,110.0
240,и,y,y,False,italic,False,63,136,60,139,73,79,glyphs/y-0.png,58.0,116.0,59.0,129.0
241,и,y,y,False,italic,False,57,141,72,127,84,55,glyphs/y-1.png,68.0,126.0,53.0,120.0
242,и,y,y,False,italic,False,66,133,62,136,67,74,glyphs/y-2.png,59.0,111.0,63.0,134.0
243,и,y,y,False,italic,False,60,139,69,129,79,60,glyphs/y-3.png,65.0,127.0,55.0,121.0
244,и,y,y,False,italic,False,68,130,70,129,62,59,glyphs/y-4.png,69.0,119.0,66.0,125.0
245,и,y,y,False,italic,False,60,139,64,135,79,71,glyphs/y-5.png,63.0,124.0,57.0,133.0
246,и,y,y,False,italic,False,62,137,55,144,75,89,glyphs/y-6.png,56.0,113.0,62.0,132.0
247,и,y,y,False,italic,False,55,144,60,138,89,78,glyphs/y-7.png,59.0,139.0,55.0,129.0
248,и,y,y,False,italic,False,64,134,72,127,70,55,glyphs/y-8.png,64.0,126.0,62.0,127.0
249,и,y,y,False,italic,False,51,147,67,132,96,65,glyphs/y-9.png,66.0,134.0,49.0,140.0
250,и,y,y,False,italic,False,66,132,62,136,66,74,glyphs/y-10.png,61.0,133.0,66.0,131.0
251,и,y,y,False,italic,False,69,129,70,128,60,58,glyphs/y-11.png,68.0,117.0,70.0,131.0
252,и,y,y,False,italic,False,69,129,70,128,60,58,glyphs/y-12.png,69.0,126.0,69.0,132.0
253,и,y,y,False,italic,False,67,131,62,137,64,75,glyphs/y-13.png,61.0,124.0,66.0,132.0
254,и,y,y,False,italic,False,63,135,69,129,72,60,glyphs/y-14.png,62.0,124.0,64.0,134.0
255,и,y,y,False,italic,False,58,140,69,129,82,60,glyphs/y-15.png,66.0,113.0,56.0,143.0
256,и,y,y,False,italic,False,57,141,75,124,84,49,glyphs/y-16.png,71.0,124.0,58.0,140.0
257,и,y,y,False,italic,False,66,133,49,149,67,100,glyphs/y-17.png,66.0,122.0,64.0,133.0
258,і,i,i,False,italic,False,74,124,63,135,50,72,glyphs/i-0.png,84.0,135.0,85.0,131.0
259,і,i,i,False,italic,False,89,110,55,144,21,89,glyphs/i-1.png,89.0,145.0,90.0,115.0
260,і,i,i,False,italic,False,89,110,56,143,21,87,glyphs/i-2.png,95.0,145.0,88.0,116.0
261,і,i,i,False,italic,False,74,124,54,144,50,90,glyphs/i-3.png,90.0,144.0,80.0,127.0
262,і,i,i,False,italic,False,68,130,62,136,62,74,glyphs/i-4.png,85.0,141.0,87.0,131.0
263,і,i,i,False,italic,False,84,114,55,143,30,88,glyphs/i-5.png,88.0,144.0,81.0,116.0
264,і,i,i,False,italic,False,73,125,45,154,52,109,glyphs/i-6.png,76.0,156.0,80.0,128.0
265,і,i,i,False,italic,False,61,138,47,151,77,104,glyphs/i-7.png,82.0,150.0,76.0,137.0
266,і,i,i,False,italic,False,82,116,50,148,34,98,glyphs/i-8.png,76.0,147.0,89.0,118.0
267,і,i,i,False,italic,False,83,115,52,147,32,95,glyphs/i-9.png,70.0,149.0,80.0,113.0
268,і,i,i,False,italic,False,77,121,47,152,44,105,glyphs/i-10.png,89.0,152.0,81.0,124.0
269,і,i,i,False,italic,False,76,123,50,148,47,98,glyphs/i-11.png,81.0,148.0,85.0,124.0
270,і,i,i,False,italic,False,79,119,51,147,40,96,glyphs/i-12.png,79.0,148.0,84.0,120.0
271,і,i,i,False,italic,False,83,116,53,146,33,93,glyphs/i-13.png,90.0,146.0,83.0,116.0
272,і,i,i,False,italic,False,78,120,57,141,42,84,glyphs/i-14.png,91.0,141.0,89.0,122.0
273,і,i,i,False,italic,False,81,117,52,146,36,94,glyphs/i-15.png,82.0,144.0,81.0,121.0
274,і,i,i,False,italic,False,70,129,54,145,59,91,glyphs/i-16.png,95.0,147.0,91.0,129.0
275,і,i,i,False,italic,False,87,112,47,152,25,105,glyphs/i-17.png,96.0,151.0,90.0,116.0
276,і,i,i,False,italic,False,88,110,56,143,22,87,glyphs/i-18.png,91.0,143.0,86.0,114.0
277,і,i,i,False,italic,False,81,117,42,157,36,115,glyphs/i-19.png,82.0,155.0,79.0,116.0
278,ї,yi,yi,False,italic,False,69,130,43,156,61,113,glyphs/yi-0.png,84.0,154.0,99.0,129.0
279,ї,yi,yi,False,italic,False,74,125,57,141,51,84,glyphs/yi-1.png,88.0,141.0,93.0,127.0
280,ї,yi,yi,False,italic,False,74,124,55,144,50,89,glyphs/yi-2.png,91.0,143.0,97.0,126.0
281,ї,yi,yi,False,italic,False,82,117,46,153,35,107,glyphs/yi-3.png,84.0,154.0,80.0,115.0
282,ї,yi,yi,False,italic,False,68,131,51,147,63,96,glyphs/yi-4.png,98.0,147.0,87.0,130.0
283,ї,yi,yi,False,italic,False,81,118,39,159,37,120,glyphs/yi-5.png,80.0,159.0,92.0,119.0
284,ї,yi,yi,False,italic,False,64,135,51,148,71,97,glyphs/yi-6.png,82.0,150.0,92.0,134.0
285,ї,yi,yi,False,italic,False,75,124,48,151,49,103,glyphs/yi-7.png,93.0,152.0,97.0,125.0
286,ї,yi,yi,False,italic,False,80,119,44,154,39,110,glyphs/yi-8.png,80.0,154.0,89.0,120.0
287,ї,yi,yi,False,italic,False,68,131,41,158,63,117,glyphs/yi-9.png,75.0,156.0,88.0,129.0
288,ї,yi,yi,False,italic,False,72,127,44,155,55,111,glyphs/yi-10.png,78.0,154.0,88.0,127.0
289,ї,yi,yi,False,italic,False,63,136,39,160,73,121,glyphs/yi-11.png,70.0,159.0,86.0,133.0
290,ї,yi,yi,False,italic,False,69,129,57,142,60,85,glyphs/yi-12.png,81.0,143.0,89.0,130.0
291,ї,yi,yi,False,italic,False,60,139,51,148,79,97,glyphs/yi-13.png,80.0,149.0,87.0,137.0
292,ї,yi,yi,False,italic,False,63,136,52,147,73,95,glyphs/yi-14.png,84.0,145.0,92.0,134.0
293,ї,yi,yi,False,italic,False,78,121,57,142,43,85,glyphs/yi-15.png,94.0,143.0,92.0,121.0
294,ї,yi,yi,False,italic,False,76,123,44,155,47,111,glyphs/yi-16.png,88.0,153.0,80.0,122.0
295,ї,yi,yi,False,italic,False,75,123,55,144,48,89,glyphs/yi-17.png,90.0,145.0,77.0,122.0
296,ї,yi,yi,False,italic,False,63,136,49,149,73,100,glyphs/yi-18.png,79.0,148.0,93.0,134.0
297,ї,yi,yi,False,italic,False,75,124,51,147,49,96,glyphs/yi-19.png,81.0,146.0,77.0,112.0
298,й,y,j,False,italic,False,64,135,52,146,71,94,glyphs/j-0.png,86.0,146.0,64.0,116.0
299,й,y,j,False,italic,False,69,130,48,151,61,103,glyphs/j-1.png,84.0,138.0,67.0,122.0
300,й,y,j,False,italic,False,73,126,44,154,53,110,glyphs/j-2.png,75.0,140.0,79.0,120.0
301,й,y,j,False,italic,False,70,128,40,158,58,118,glyphs/j-3.png,90.0,149.0,76.0,126.0
302,й,y,j,False,italic,False,69,129,51,148,60,97,glyphs/j-4.png,89.0,145.0,72.0,124.0
303,й,y,j,False,italic,False,68,131,52,147,63,95,glyphs/j-5.png,86.0,139.0,67.0,126.0
304,й,y,j,False,italic,False,72,126,54,145,54,91,glyphs/j-6.png,91.0,138.0,71.0,123.0
305,й,y,j,False,italic,False,66,132,54,144,66,90,glyphs/j-7.png,86.0,142.0,68.0,121.0
306,й,y,j,False,italic,False,66,132,53,145,66,92,glyphs/j-8.png,93.0,144.0,66.0,124.0
307,й,y,j,False,italic,False,68,131,47,151,63,104,glyphs/j-9.png,105.0,150.0,67.0,114.0
308,й,y,j,False,italic,False,68,131,51,148,63,97,glyphs/j-10.png,93.0,142.0,66.0,122.0
309,й,y,j,False,italic,False,73,126,52,147,53,95,glyphs/j-11.png,93.0,130.0,75.0,118.0
310,й,y,j,False,italic,False,69,130,55,143,61,88,glyphs/j-12.png,89.0,141.0,70.0,117.0
311,й,y,j,False,italic,False,72,127,52,146,55,94,glyphs/j-13.png,86.0,147.0,71.0,118.0
312,й,y,j,False,italic,False,71,127,58,141,56,83,glyphs/j-14.png,84.0,140.0,70.0,114.0
313,й,y,j,False,italic,False,70,128,51,147,58,96,glyphs/j-15.png,96.0,146.0,70.0,122.0
314,й,y,j,False,italic,False,69,130,58,140,61,82,glyphs/j-16.png,96.0,140.0,69.0,120.0
315,й,y,j,False,italic,False,68,130,62,137,62,75,glyphs/j-17.png,90.0,134.0,66.0,121.0
316,й,y,j,False,italic,False,68,130,53,145,62,92,glyphs/j-18.png,96.0,145.0,68.0,122.0
317,й,y,j,False,italic,False,62,136,37,162,74,125,glyphs/j-19.png,110.0,160.0,70.0,126.0
318,к,k,k,False,italic,False,72,127,61,137,55,76,glyphs/k-0.png,62.0,137.0,73.0,128.0
319,к,k,k,False,italic,False,71,127,66,133,56,67,glyphs/k-1.png,68.0,130.0,68.0,119.0
320,к,k,k,False,italic,False,78,121,70,128,43,58,glyphs/k-2.png,63.0,127.0,74.0,129.0
321,к,k,k,False,italic,False,71,128,61,138,57,77,glyphs/k-3.png,64.0,133.0,69.0,125.0
322,к,k,k,False,italic,False,77,122,63,136,45,73,glyphs/k-4.png,63.0,131.0,78.0,123.0
323,к,k,k,False,italic,False,75,123,64,134,48,70,glyphs/k-5.png,62.0,132.0,72.0,129.0
324,к,k,k,False,italic,False,69,129,58,140,60,82,glyphs/k-6.png,57.0,138.0,66.0,132.0
325,к,k,k,False,italic,False,72,127,63,136,55,73,glyphs/k-7.png,65.0,134.0,72.0,127.0
326,к,k,k,False,italic,False,77,121,70,129,44,59,glyphs/k-8.png,66.0,129.0,76.0,122.0
327,к,k,k,False,italic,False,69,129,57,142,60,85,glyphs/k-9.png,61.0,138.0,73.0,128.0
328,к,k,k,False,italic,False,69,130,62,137,61,75,glyphs/k-10.png,67.0,136.0,70.0,129.0
329,к,k,k,False,italic,False,73,126,65,134,53,69,glyphs/k-11.png,67.0,135.0,70.0,125.0
330,к,k,k,False,italic,False,76,123,72,126,47,54,glyphs/k-12.png,71.0,127.0,74.0,123.0
331,к,k,k,False,italic,False,65,133,60,138,68,78,glyphs/k-13.png,65.0,133.0,66.0,130.0
332,к,k,k,False,italic,False,68,131,65,134,63,69,glyphs/k-14.png,65.0,132.0,77.0,130.0
333,к,k,k,False,italic,False,68,130,64,135,62,71,glyphs/k-15.png,67.0,132.0,68.0,128.0
334,к,k,k,False,italic,False,65,133,54,145,68,91,glyphs/k-16.png,60.0,139.0,68.0,128.0
335,к,k,k,False,italic,False,61,137,55,144,76,89,glyphs/k-17.png,57.0,140.0,65.0,131.0
336,к,k,k,False,italic,False,70,129,55,144,59,89,glyphs/k-18.png,53.0,140.0,68.0,128.0
337,к,k,k,False,italic,False,62,136,59,139,74,80,glyphs/k-19.png,62.0,141.0,61.0,132.0
338,л,l,l,False,italic,False,52,146,66,133,94,67,glyphs/l-0.png,58.0,132.0,56.0,113.0
339,л,l,l,False,italic,False,69,129,61,138,60,77,glyphs/l-1.png,55.0,131.0,68.0,130.0
340,л,l,l,False,italic,False,70,128,63,135,58,72,glyphs/l-2.png,61.0,130.0,71.0,131.0
341,л,l,l,False,italic,False,57,141,58,141,84,83,glyphs/l-3.png,58.0,139.0,67.0,136.0
342,л,l,l,False,italic,False,59,139,70,129,80,59,glyphs/l-4.png,60.0,122.0,64.0,139.0
343,л,l,l,False,italic,False,65,134,50,149,69,99,glyphs/l-5.png,56.0,136.0,70.0,133.0
344,л,l,l,False,italic,False,75,123,53,145,48,92,glyphs/l-6.png,50.0,141.0,76.0,128.0
345,л,l,l,False,italic,False,67,131,52,146,64,94,glyphs/l-7.png,53.0,142.0,67.0,128.0
346,л,l,l,False,italic,False,71,127,54,144,56,90,glyphs/l-8.png,54.0,141.0,71.0,127.0
347,л,l,l,False,italic,False,74,125,46,152,51,106,glyphs/l-9.png,45.0,137.0,77.0,126.0
348,л,l,l,False,italic,False,53,145,49,150,92,101,glyphs/l-10.png,47.0,145.0,62.0,140.0
349,л,l,l,False,italic,False,65,133,62,137,68,75,glyphs/l-11.png,58.0,136.0,73.0,133.0
350,л,l,l,False,italic,False,56,143,59,139,87,80,glyphs/l-12.png,54.0,138.0,66.0,136.0
351,л,l,l,False,italic,False,59,140,48,150,81,102,glyphs/l-13.png,45.0,141.0,70.0,134.0
352,л,l,l,False,italic,False,62,137,57,142,75,85,glyphs/l-14.png,56.0,141.0,69.0,130.0
353,л,l,l,False,italic,False,55,143,46,152,88,106,glyphs/l-15.png,47.0,138.0,61.0,132.0
354,л,l,l,False,italic,False,63,136,53,145,73,92,glyphs/l-16.png,47.0,143.0,66.0,132.0
355,л,l,l,False,italic,False,57,141,51,148,84,97,glyphs/l-17.png,46.0,148.0,57.0,140.0
356,л,l,l,False,italic,False,59,139,50,149,80,99,glyphs/l-18.png,45.0,148.0,65.0,134.0
357,л,l,l,False,italic,False,55,143,40,158,88,118,glyphs/l-19.png,38.0,155.0,59.0,134.0
358,м,m,m,False,italic,False,47,151,67,132,104,65,glyphs/m-0.png,55.0,131.0,56.0,139.0
359,м,m,m,False,italic,False,57,142,51,147,85,96,glyphs/m-1.png,51.0,141.0,62.0,140.0
360,м,m,m,False,italic,False,56,142,55,143,86,88,glyphs/m-2.png,52.0,131.0,61.0,140.0
361,м,m,m,False,italic,False,54,144,53,146,90,93,glyphs/m-3.png,50.0,145.0,59.0,138.0
362,м,m,m,False,italic,False,48,151,63,135,103,72,glyphs/m-4.png,56.0,126.0,56.0,144.0
363,м,m,m,False,italic,False,55,143,58,141,88,83,glyphs/m-5.png,55.0,140.0,69.0,142.0
364,м,m,m,False,italic,False,49,149,63,135,100,72,glyphs/m-6.png,60.0,134.0,58.0,143.0
365,м,m,m,False,italic,False,58,141,71,128,83,57,glyphs/m-7.png,65.0,127.0,67.0,139.0
366,м,m,m,False,italic,False,52,147,50,148,95,98,glyphs/m-8.png,50.0,129.0,54.0,141.0
367,м,m,m,False,italic,False,50,149,57,141,99,84,glyphs/m-9.png,57.0,136.0,60.0,141.0
368,м,m,m,False,italic,False,48,150,60,139,102,79,glyphs/m-10.png,58.0,129.0,53.0,146.0
369,м,m,m,False,italic,False,63,136,62,137,73,75,glyphs/m-11.png,59.0,135.0,67.0,139.0
370,м,m,m,False,italic,False,55,143,56,143,88,87,glyphs/m-12.png,54.0,141.0,65.0,139.0
371,м,m,m,False,italic,False,55,143,60,139,88,79,glyphs/m-13.png,58.0,138.0,63.0,143.0
372,м,m,m,False,italic,False,60,138,54,145,78,91,glyphs/m-14.png,57.0,142.0,65.0,135.0
373,м,m,m,False,italic,False,50,148,56,143,98,87,glyphs/m-15.png,54.0,144.0,56.0,142.0
374,м,m,m,False,italic,False,53,146,54,145,93,91,glyphs/m-16.png,52.0,146.0,58.0,139.0
375,м,m,m,False,italic,False,41,157,60,139,116,79,glyphs/m-17.png,54.0,137.0,42.0,147.0
376,м,m,m,False,italic,False,48,151,58,140,103,82,glyphs/m-18.png,55.0,138.0,53.0,138.0
377,н,n,n,False,italic,False,67,132,65,134,65,69,glyphs/n-0.png,67.0,135.0,63.0,119.0
378,н,n,n,False,italic,False,57,141,60,139,84,79,glyphs/n-1.png,60.0,137.0,58.0,132.0
379,н,n,n,False,italic,False,62,136,61,137,74,76,glyphs/n-2.png,59.0,136.0,62.0,129.0
380,н,n,n,False,italic,False,63,135,63,135,72,72,glyphs/n-3.png,60.0,136.0,62.0,128.0
381,н,n,n,False,italic,False,58,141,69,130,83,61,glyphs/n-4.png,63.0,129.0,57.0,135.0
382,н,n,n,False,italic,False,69,129,64,134,60,70,glyphs/n-5.png,58.0,134.0,68.0,122.0
383,н,n,n,False,italic,False,61,137,57,141,76,84,glyphs/n-6.png,57.0,137.0,60.0,129.0
384,н,n,n,False,italic,False,62,137,57,141,75,84,glyphs/n-7.png,55.0,139.0,60.0,128.0
385,н,n,n,False,italic,False,59,140,58,141,81,83,glyphs/n-8.png,55.0,139.0,60.0,128.0
386,н,n,n,False,italic,False,65,133,66,132,68,66,glyphs/n-9.png,63.0,131.0,65.0,130.0
387,н,n,n,False,italic,False,64,135,70,128,71,58,glyphs/n-10.png,64.0,128.0,67.0,128.0
388,н,n,n,False,italic,False,58,140,68,131,82,63,glyphs/n-11.png,68.0,130.0,59.0,126.0
389,н,n,n,False,italic,False,73,125,57,141,52,84,glyphs/n-12.png,57.0,143.0,70.0,124.0
390,н,n,n,False,italic,False,62,136,62,137,74,75,glyphs/n-13.png,59.0,138.0,66.0,132.0
391,н,n,n,False,italic,False,68,130,63,136,62,73,glyphs/n-14.png,63.0,136.0,72.0,120.0
392,н,n,n,False,italic,False,69,129,68,131,60,63,glyphs/n-15.png,64.0,129.0,70.0,118.0
393,н,n,n,False,italic,False,67,132,58,141,65,83,glyphs/n-16.png,60.0,130.0,65.0,126.0
394,н,n,n,False,italic,False,59,140,63,136,81,73,glyphs/n-17.png,60.0,130.0,60.0,123.0
395,о,o,o,False,italic,False,71,127,72,127,56,55,glyphs/o-0.png,71.0,126.0,78.0,123.0
396,о,o,o,False,italic,False,69,130,62,136,61,74,glyphs/o-1.png,61.0,134.0,73.0,129.0
397,о,o,o,False,italic,False,74,125,65,133,51,68,glyphs/o-2.png,61.0,131.0,75.0,123.0
398,о,o,o,False,italic,False,70,129,58,140,59,82,glyphs/o-3.png,62.0,138.0,72.0,129.0
399,о,o,o,False,italic,False,77,122,66,133,45,67,glyphs/o-4.png,60.0,130.0,79.0,120.0
400,о,o,o,False,italic,False,71,128,61,138,57,77,glyphs/o-5.png,62.0,137.0,75.0,128.0
401,о,o,o,False,italic,False,69,130,49,150,61,101,glyphs/o-6.png,49.0,151.0,70.0,130.0
402,о,o,o,False,italic,False,66,132,52,146,66,94,glyphs/o-7.png,50.0,144.0,66.0,130.0
403,о,o,o,False,italic,False,75,124,59,139,49,80,glyphs/o-8.png,60.0,139.0,76.0,125.0
404,о,o,o,False,italic,False,82,116,62,137,34,75,glyphs/o-9.png,59.0,139.0,79.0,117.0
405,о,o,o,False,italic,False,79,119,49,150,40,101,glyphs/o-10.png,51.0,147.0,79.0,119.0
406,о,o,o,False,italic,False,70,128,45,153,58,108,glyphs/o-11.png,44.0,145.0,73.0,126.0
407,о,o,o,False,italic,False,72,127,53,146,55,93,glyphs/o-12.png,58.0,146.0,80.0,124.0
408,о,o,o,False,italic,False,73,126,55,143,53,88,glyphs/o-13.png,55.0,143.0,77.0,127.0
409,о,o,o,False,italic,False,78,121,50,148,43,98,glyphs/o-14.png,49.0,147.0,75.0,119.0
410,о,o,o,False,italic,False,77,121,54,144,44,90,glyphs/o-15.png,55.0,144.0,77.0,123.0
411,о,o,o,False,italic,False,79,119,52,146,40,94,glyphs/o-16.png,48.0,145.0,80.0,117.0
412,о,o,o,False,italic,False,71,128,46,152,57,106,glyphs/o-17.png,44.0,151.0,71.0,127.0
413,п,p,p,False,italic,False,74,124,60,138,50,78,glyphs/p-0.png,62.0,136.0,75.0,112.0
414,п,p,p,False,italic,False,66,132,53,146,66,93,glyphs/p-1.png,57.0,144.0,73.0,120.0
415,п,p,p,False,italic,False,58,140,61,137,82,76,glyphs/p-2.png,59.0,135.0,55.0,122.0
416,п,p,p,False,italic,False,66,132,59,139,66,80,glyphs/p-3.png,56.0,136.0,60.0,120.0
417,п,p,p,False,italic,False,64,135,58,140,71,82,glyphs/p-4.png,55.0,137.0,63.0,123.0
418,п,p,p,False,italic,False,66,133,67,132,67,65,glyphs/p-5.png,62.0,131.0,67.0,115.0
419,п,p,p,False,italic,False,54,145,68,131,91,63,glyphs/p-6.png,68.0,130.0,59.0,120.0
420,п,p,p,False,italic,False,62,137,66,133,75,67,glyphs/p-7.png,68.0,131.0,66.0,126.0
421,п,p,p,False,italic,False,58,141,64,134,83,70,glyphs/p-8.png,68.0,126.0,64.0,125.0
422,п,p,p,False,italic,False,57,142,65,133,85,68,glyphs/p-9.png,70.0,131.0,66.0,124.0
423,п,p,p,False,italic,False,48,150,57,141,102,84,glyphs/p-10.png,64.0,132.0,65.0,132.0
424,п,p,p,False,italic,False,57,141,59,140,84,81,glyphs/p-11.png,61.0,126.0,59.0,117.0
425,п,p,p,False,italic,False,44,155,58,141,111,83,glyphs/p-12.png,62.0,133.0,52.0,125.0
426,п,p,p,False,italic,False,64,134,58,141,70,83,glyphs/p-13.png,62.0,121.0,65.0,121.0
427,п,p,p,False,italic,False,59,140,64,135,81,71,glyphs/p-14.png,68.0,134.0,67.0,124.0
428,п,p,p,False,italic,False,52,147,60,139,95,79,glyphs/p-15.png,62.0,129.0,64.0,124.0
429,п,p,p,False,italic,False,54,144,67,132,90,65,glyphs/p-16.png,67.0,130.0,62.0,123.0
430,п,p,p,False,italic,False,53,145,64,134,92,70,glyphs/p-17.png,66.0,135.0,65.0,130.0
431,р,r,r,False,italic,False,68,130,51,148,62,97,glyphs/r-0.png,43.0,100.0,66.0,121.0
432,р,r,r,False,italic,False,69,130,58,141,61,83,glyphs/r-1.png,55.0,114.0,72.0,126.0
433,р,r,r,False,italic,False,66,133,45,154,67,109,glyphs/r-2.png,47.0,111.0,70.0,120.0
434,р,r,r,False,italic,False,60,139,43,156,79,113,glyphs/r-3.png,42.0,111.0,71.0,129.0
435,р,r,r,False,italic,False,62,137,52,146,75,94,glyphs/r-4.png,51.0,103.0,73.0,136.0
436,р,r,r,False,italic,False,73,126,40,159,53,119,glyphs/r-5.png,36.0,97.0,83.0,123.0
437,р,r,r,False,italic,False,64,135,51,147,71,96,glyphs/r-6.png,50.0,109.0,69.0,129.0
438,р,r,r,False,italic,False,50,148,43,155,98,112,glyphs/r-7.png,44.0,105.0,59.0,137.0
439,р,r,r,False,italic,False,58,141,64,134,83,70,glyphs/r-8.png,61.0,106.0,58.0,130.0
440,р,r,r,False,italic,False,60,139,47,151,79,104,glyphs/r-9.png,66.0,115.0,66.0,131.0
441,р,r,r,False,italic,False,54,144,39,160,90,121,glyphs/r-10.png,40.0,99.0,56.0,130.0
442,р,r,r,False,italic,False,63,135,47,151,72,104,glyphs/r-11.png,53.0,112.0,79.0,132.0
443,р,r,r,False,italic,False,66,133,48,150,67,102,glyphs/r-12.png,45.0,103.0,80.0,129.0
444,р,r,r,False,italic,False,64,134,52,146,70,94,glyphs/r-13.png,54.0,109.0,69.0,123.0
445,р,r,r,False,italic,False,67,131,47,151,64,104,glyphs/r-14.png,48.0,102.0,74.0,121.0
446,р,r,r,False,italic,False,62,137,57,141,75,84,glyphs/r-15.png,54.0,105.0,65.0,127.0
447,р,r,r,False,italic,False,55,143,47,151,88,104,glyphs/r-16.png,56.0,115.0,57.0,133.0
448,р,r,r,False,italic,False,62,137,46,152,75,106,glyphs/r-17.png,41.0,97.0,60.0,126.0
449,р,r,r,False,italic,False,64,135,47,152,71,105,glyphs/r-18.png,42.0,100.0,65.0,122.0
450,р,r,r,False,italic,False,53,145,42,157,92,115,glyphs/r-19.png,44.0,98.0,56.0,130.0
451,с,s,s,False,italic,False,73,126,58,141,53,83,glyphs/s-0.png,55.0,142.0,71.0,127.0
452,с,s,s,False,italic,False,83,116,67,132,33,65,glyphs/s-1.png,62.0,136.0,79.0,121.0
453,с,s,s,False,italic,False,86,112,56,142,26,86,glyphs/s-2.png,57.0,141.0,84.0,117.0
454,с,s,s,False,italic,False,72,127,50,148,55,98,glyphs/s-3.png,52.0,149.0,74.0,126.0
455,с,s,s,False,italic,False,72,126,60,139,54,79,glyphs/s-4.png,64.0,139.0,74.0,128.0
456,с,s,s,False,italic,False,72,126,65,133,54,68,glyphs/s-5.png,68.0,131.0,72.0,124.0
457,с,s,s,False,italic,False,65,133,69,129,68,60,glyphs/s-6.png,68.0,127.0,66.0,133.0
458,с,s,s,False,italic,False,66,133,60,139,67,79,glyphs/s-7.png,63.0,138.0,70.0,124.0
459,с,s,s,False,italic,False,68,130,61,138,62,77,glyphs/s-8.png,60.0,136.0,69.0,129.0
460,с,s,s,False,italic,False,74,125,54,145,51,91,glyphs/s-9.png,56.0,145.0,68.0,119.0
461,с,s,s,False,italic,False,63,136,58,140,73,82,glyphs/s-10.png,59.0,140.0,66.0,126.0
462,с,s,s,False,italic,False,63,136,56,143,73,87,glyphs/s-11.png,53.0,142.0,63.0,129.0
463,с,s,s,False,italic,False,79,119,53,145,40,92,glyphs/s-12.png,53.0,145.0,76.0,115.0
464,с,s,s,False,italic,False,64,135,53,146,71,93,glyphs/s-13.png,51.0,145.0,66.0,132.0
465,с,s,s,False,italic,False,78,120,51,148,42,97,glyphs/s-14.png,50.0,146.0,78.0,120.0
466,с,s,s,False,italic,False,59,139,48,151,80,103,glyphs/s-15.png,53.0,149.0,64.0,131.0
467,с,s,s,False,italic,False,72,126,67,132,54,65,glyphs/s-16.png,68.0,132.0,73.0,125.0
468,с,s,s,False,italic,False,69,129,52,147,60,95,glyphs/s-17.png,53.0,146.0,70.0,127.0
469,с,s,s,False,italic,False,69,130,74,125,61,51,glyphs/s-18.png,71.0,126.0,71.0,129.0
470,т,t,t,False,italic,False,48,150,68,130,102,62,glyphs/t-0.png,72.0,129.0,50.0,140.0
471,т,t,t,False,italic,False,48,150,63,136,102,73,glyphs/t-1.png,60.0,129.0,48.0,134.0
472,т,t,t,False,italic,False,43,155,52,146,112,94,glyphs/t-2.png,95.0,145.0,48.0,139.0
473,т,t,t,False,italic,False,49,149,54,145,100,91,glyphs/t-3.png,93.0,145.0,55.0,131.0
474,т,t,t,False,italic,False,43,156,64,135,113,71,glyphs/t-4.png,78.0,132.0,43.0,132.0
475,т,t,t,False,italic,False,46,152,63,136,106,73,glyphs/t-5.png,82.0,135.0,44.0,131.0
476,т,t,t,False,italic,False,42,157,54,144,115,90,glyphs/t-6.png,83.0,141.0,47.0,139.0
477,т,t,t,False,italic,False,49,149,53,146,100,93,glyphs/t-7.png,82.0,144.0,47.0,135.0
478,т,t,t,False,italic,False,43,155,54,144,112,90,glyphs/t-8.png,77.0,140.0,46.0,140.0
479,т,t,t,False,italic,False,57,142,59,140,85,81,glyphs/t-9.png,83.0,140.0,64.0,129.0
480,т,t,t,False,italic,False,56,142,63,135,86,72,glyphs/t-10.png,75.0,131.0,63.0,132.0
481,т,t,t,False,italic,False,56,142,67,131,86,64,glyphs/t-11.png,73.0,133.0,55.0,134.0
482,т,t,t,False,italic,False,47,152,66,133,105,67,glyphs/t-12.png,73.0,133.0,55.0,134.0
483,т,t,t,False,italic,False,53,145,61,138,92,77,glyphs/t-13.png,62.0,139.0,52.0,136.0
484,т,t,t,False,italic,False,40,158,67,131,118,64,glyphs/t-14.png,71.0,133.0,39.0,144.0
485,т,t,t,False,italic,False,48,151,61,138,103,77,glyphs/t-15.png,74.0,136.0,51.0,142.0
486,т,t,t,False,italic,False,43,156,61,137,113,76,glyphs/t-16.png,64.0,132.0,44.0,141.0
487,т,t,t,False,italic,False,47,151,63,135,104,72,glyphs/t-17.png,74.0,135.0,45.0,142.0
488,т,t,t,False,italic,False,50,148,59,139,98,80,glyphs/t-18.png,71.0,137.0,47.0,136.0
489,у,u,u,False,italic,False,62,136,42,156,74,114,glyphs/u-0.png,34.0,99.0,64.0,120.0
490,у,u,u,False,italic,False,59,140,41,157,81,116,glyphs/u-1.png,36.0,93.0,60.0,120.0
491,у,u,u,False,italic,False,64,134,34,165,70,131,glyphs/u-2.png,39.0,101.0,64.0,125.0
492,у,u,u,False,italic,False,62,137,51,147,75,96,glyphs/u-3.png,55.0,103.0,61.0,117.0
493,у,u,u,False,italic,False,67,132,48,150,65,102,glyphs/u-4.png,47.0,99.0,64.0,114.0
494,у,u,u,False,italic,False,53,146,40,158,93,118,glyphs/u-5.png,43.0,85.0,56.0,113.0
495,у,u,u,False,italic,False,61,137,35,163,76,128,glyphs/u-6.png,32.0,88.0,68.0,126.0
496,у,u,u,False,italic,False,57,142,44,154,85,110,glyphs/u-7.png,44.0,78.0,56.0,111.0
497,у,u,u,False,italic,False,56,142,42,156,86,114,glyphs/u-8.png,39.0,83.0,59.0,130.0
498,у,u,u,False,italic,False,48,151,47,152,103,105,glyphs/u-9.png,41.0,91.0,51.0,107.0
499,у,u,u,False,italic,False,59,140,41,158,81,117,glyphs/u-10.png,46.0,93.0,60.0,130.0
500,у,u,u,False,italic,False,61,138,40,159,77,119,glyphs/u-11.png,42.0,98.0,58.0,107.0
501,у,u,u,False,italic,False,60,138,41,157,78,116,glyphs/u-12.png,34.0,90.0,61.0,114.0
502,у,u,u,False,italic,False,59,139,40,158,80,118,glyphs/u-13.png,36.0,82.0,73.0,137.0
503,у,u,u,False,italic,False,67,131,45,153,64,108,glyphs/u-14.png,44.0,98.0,65.0,116.0
504,у,u,u,False,italic,False,58,140,41,158,82,117,glyphs/u-15.png,39.0,91.0,59.0,125.0
505,у,u,u,False,italic,False,58,141,39,160,83,121,glyphs/u-16.png,39.0,84.0,57.0,114.0
506,у,u,u,False,italic,False,58,140,35,163,82,128,glyphs/u-17.png,32.0,90.0,56.0,107.0
507,у,u,u,False,italic,False,54,145,33,165,91,132,glyphs/u-18.png,32.0,87.0,51.0,109.0
508,у,u,u,False,italic,False,58,140,31,168,82,137,glyphs/u-19.png,30.0,92.0,59.0,115.0
509,ф,f,f,False,italic,False,55,143,47,152,88,105,glyphs/f-0.png,48.0,96.0,54.0,143.0
510,ф,f,f,False,italic,False,56,142,48,150,86,102,glyphs/f-1.png,48.0,96.0,54.0,143.0
511,ф,f,f,False,italic,False,54,145,42,156,91,114,glyphs/f-2.png,44.0,111.0,53.0,144.0
512,ф,f,f,False,italic,False,59,140,41,157,81,116,glyphs/f-3.png,40.0,106.0,58.0,138.0
513,ф,f,f,False,italic,False,56,142,42,157,86,115,glyphs/f-4.png,45.0,113.0,58.0,139.0
514,ф,f,f,False,italic,False,58,140,48,151,82,103,glyphs/f-5.png,46.0,105.0,56.0,141.0
515,ф,f,f,False,italic,False,63,136,41,158,73,117,glyphs/f-6.png,40.0,92.0,60.0,135.0
516,ф,f,f,False,italic,False,58,140,46,153,82,107,glyphs/f-7.png,40.0,99.0,60.0,137.0
517,ф,f,f,False,italic,False,58,140,44,155,82,111,glyphs/f-8.png,48.0,104.0,63.0,136.0
518,ф,f,f,False,italic,False,54,144,44,154,90,110,glyphs/f-9.png,47.0,100.0,58.0,139.0
519,ф,f,f,False,italic,False,59,139,49,150,80,101,glyphs/f-10.png,48.0,97.0,61.0,136.0
520,ф,f,f,False,italic,False,71,127,46,152,56,106,glyphs/f-11.png,46.0,95.0,69.0,128.0
521,ф,f,f,False,italic,False,66,133,45,153,67,108,glyphs/f-12.png,46.0,92.0,69.0,134.0
522,ф,f,f,False,italic,False,53,146,56,143,93,87,glyphs/f-13.png,55.0,114.0,55.0,140.0
523,ф,f,f,False,italic,False,35,164,51,147,129,96,glyphs/f-14.png,54.0,109.0,47.0,152.0
524,ф,f,f,False,italic,False,46,152,58,141,106,83,glyphs/f-15.png,58.0,112.0,52.0,147.0
525,ф,f,f,False,italic,False,43,155,45,154,112,109,glyphs/f-16.png,51.0,118.0,48.0,150.0
526,ф,f,f,False,italic,False,48,151,42,156,103,114,glyphs/f-17.png,41.0,104.0,54.0,143.0
527,х,kh,kh,False,italic,False,52,147,55,143,95,88,glyphs/kh-0.png,57.0,132.0,53.0,137.0
528,х,kh,kh,False,italic,False,55,144,61,138,89,77,glyphs/kh-1.png,62.0,138.0,61.0,140.0
529,х,kh,kh,False,italic,False,53,145,62,137,92,75,glyphs/kh-2.png,63.0,134.0,56.0,141.0
530,х,kh,kh,False,italic,False,56,143,54,144,87,90,glyphs/kh-3.png,57.0,141.0,57.0,132.0
531,х,kh,kh,False,italic,False,57,142,62,136,85,74,glyphs/kh-4.png,62.0,133.0,56.0,140.0
532,х,kh,kh,False,italic,False,48,150,66,133,102,67,glyphs/kh-5.png,66.0,133.0,49.0,147.0
533,х,kh,kh,False,italic,False,58,141,58,141,83,83,glyphs/kh-6.png,60.0,141.0,62.0,133.0
534,х,kh,kh,False,italic,False,61,137,48,150,76,102,glyphs/kh-7.png,52.0,149.0,64.0,127.0
535,х,kh,kh,False,italic,False,50,148,50,149,98,99,glyphs/kh-8.png,51.0,144.0,51.0,138.0
536,х,kh,kh,False,italic,False,63,136,35,164,73,129,glyphs/kh-9.png,42.0,140.0,65.0,136.0
537,х,kh,kh,False,italic,False,63,136,57,142,73,85,glyphs/kh-10.png,61.0,142.0,67.0,133.0
538,х,kh,kh,False,italic,False,60,139,53,145,79,92,glyphs/kh-11.png,64.0,140.0,62.0,133.0
539,х,kh,kh,False,italic,False,57,142,65,134,85,69,glyphs/kh-12.png,65.0,131.0,59.0,136.0
540,х,kh,kh,False,italic,False,52,146,61,137,94,76,glyphs/kh-13.png,64.0,131.0,56.0,139.0
541,х,kh,kh,False,italic,False,59,140,58,140,81,82,glyphs/kh-14.png,59.0,136.0,60.0,140.0
542,х,kh,kh,False,italic,False,51,147,53,145,96,92,glyphs/kh-15.png,64.0,140.0,56.0,144.0
543,х,kh,kh,False,italic,False,46,153,41,157,107,116,glyphs/kh-16.png,50.0,149.0,54.0,143.0
544,х,kh,kh,False,italic,False,64,134,63,135,70,72,glyphs/kh-17.png,65.0,135.0,65.0,131.0
545,х,kh,kh,False,italic,False,49,149,56,143,100,87,glyphs/kh-18.png,60.0,139.0,51.0,137.0
546,х,kh,kh,False,italic,False,40,158,60,139,118,79,glyphs/kh-19.png,60.0,138.0,41.0,131.0
547,п,p,p,False,italic,False,60,138,60,138,78,78,glyphs/p-18.png,59.0,137.0,58.0,130.0
548,ц,ts,ts,False,italic,False,58,141,44,154,83,110,glyphs/ts-0.png,45.0,109.0,58.0,133.0
549,ц,ts,ts,False,italic,False,68,131,48,150,63,102,glyphs/ts-2.png,48.0,103.0,65.0,131.0
550,ц,ts,ts,False,italic,False,70,129,47,152,59,105,glyphs/ts-4.png,52.0,111.0,68.0,125.0
551,ц,ts,ts,False,italic,False,63,135,53,145,72,92,glyphs/ts-5.png,56.0,114.0,67.0,114.0
552,ц,ts,ts,False,italic,False,62,136,66,132,74,66,glyphs/ts-6.png,67.0,118.0,61.0,122.0
553,ц,ts,ts,False,italic,False,71,128,57,141,57,84,glyphs/ts-7.png,58.0,112.0,72.0,124.0
554,ц,ts,ts,False,italic,False,72,126,70,129,54,59,glyphs/ts-8.png,69.0,121.0,73.0,126.0
555,ц,ts,ts,False,italic,False,70,128,74,125,58,51,glyphs/ts-9.png,71.0,126.0,70.0,127.0
556,ц,ts,ts,False,italic,False,65,134,68,131,69,63,glyphs/ts-10.png,66.0,117.0,65.0,122.0
557,ц,ts,ts,False,italic,False,64,135,39,160,71,121,glyphs/ts-11.png,38.0,103.0,63.0,131.0
558,ц,ts,ts,False,italic,False,64,135,57,142,71,85,glyphs/ts-12.png,58.0,108.0,64.0,123.0
559,ц,ts,ts,False,italic,False,73,126,62,137,53,75,glyphs/ts-13.png,63.0,109.0,74.0,124.0
560,ч,ch,ch,False,italic,False,75,123,65,134,48,69,glyphs/ch-0.png,64.0,132.0,75.0,122.0
561,ч,ch,ch,False,italic,False,73,125,62,136,52,74,glyphs/ch-1.png,63.0,139.0,72.0,125.0
562,ч,ch,ch,False,italic,False,60,138,64,134,78,70,glyphs/ch-2.png,62.0,133.0,59.0,131.0
563,ч,ch,ch,False,italic,False,67,132,72,127,65,55,glyphs/ch-3.png,73.0,128.0,66.0,124.0
564,ч,ch,ch,False,italic,False,59,140,65,133,81,68,glyphs/ch-4.png,68.0,133.0,60.0,132.0
565,ч,ch,ch,False,italic,False,75,123,64,135,48,71,glyphs/ch-5.png,64.0,133.0,71.0,124.0
566,ч,ch,ch,False,italic,False,70,128,60,139,58,79,glyphs/ch-6.png,63.0,136.0,71.0,126.0
567,ч,ch,ch,False,italic,False,72,127,67,132,55,65,glyphs/ch-7.png,67.0,130.0,70.0,121.0
568,ч,ch,ch,False,italic,False,76,123,59,139,47,80,glyphs/ch-8.png,59.0,138.0,75.0,121.0
569,ч,ch,ch,False,italic,False,68,130,61,138,62,77,glyphs/ch-9.png,61.0,139.0,71.0,124.0
570,ч,ch,ch,False,italic,False,63,136,62,137,73,75,glyphs/ch-10.png,58.0,135.0,71.0,134.0
571,ч,ch,ch,False,italic,False,74,124,63,135,50,72,glyphs/ch-13.png,60.0,135.0,74.0,124.0
572,ч,ch,ch,False,italic,False,79,119,63,135,40,72,glyphs/ch-14.png,62.0,132.0,77.0,117.0
573,ч,ch,ch,False,italic,False,58,141,67,131,83,64,glyphs/ch-15.png,65.0,130.0,59.0,132.0
574,ч,ch,ch,False,italic,False,64,134,60,139,70,79,glyphs/ch-16.png,58.0,139.0,62.0,127.0
575,ч,ch,ch,False,italic,False,61,138,60,138,77,78,glyphs/ch-17.png,58.0,139.0,62.0,127.0
576,ч,ch,ch,False,italic,False,64,134,57,141,70,84,glyphs/ch-18.png,58.0,140.0,65.0,126.0
577,ч,ch,ch,False,italic,False,65,133,55,144,68,89,glyphs/ch-19.png,56.0,141.0,66.0,127.0
578,ш,sh,sh,False,italic,False,51,147,70,128,96,58,glyphs/sh-0.png,67.0,123.0,57.0,135.0
579,ш,sh,sh,False,italic,False,56,143,63,136,87,73,glyphs/sh-1.png,66.0,120.0,58.0,137.0
580,ш,sh,sh,False,italic,False,56,142,60,138,86,78,glyphs/sh-2.png,60.0,114.0,54.0,136.0
581,ш,sh,sh,False,italic,False,53,146,57,141,93,84,glyphs/sh-3.png,56.0,117.0,52.0,135.0
582,ш,sh,sh,False,italic,False,62,137,72,127,75,55,glyphs/sh-4.png,69.0,124.0,63.0,134.0
583,ш,sh,sh,False,italic,False,52,147,63,135,95,72,glyphs/sh-5.png,65.0,134.0,54.0,140.0
584,ш,sh,sh,False,italic,False,38,161,72,127,123,55,glyphs/sh-6.png,70.0,126.0,39.0,149.0
585,ш,sh,sh,False,italic,False,48,150,76,122,102,46,glyphs/sh-7.png,76.0,122.0,52.0,144.0
586,ш,sh,sh,False,italic,False,52,147,71,128,95,57,glyphs/sh-8.png,70.0,125.0,54.0,137.0
587,ш,sh,sh,False,italic,False,47,151,77,122,104,45,glyphs/sh-9.png,76.0,119.0,50.0,141.0
588,ш,sh,sh,False,italic,False,57,141,70,129,84,59,glyphs/sh-12.png,71.0,133.0,57.0,137.0
589,ш,sh,sh,False,italic,False,47,152,71,128,105,57,glyphs/sh-13.png,68.0,128.0,47.0,145.0
590,ш,sh,sh,False,italic,False,60,138,68,130,78,62,glyphs/sh-14.png,68.0,120.0,60.0,131.0
591,ш,sh,sh,False,italic,False,54,145,75,123,91,48,glyphs/sh-15.png,71.0,120.0,50.0,135.0
592,ш,sh,sh,False,italic,False,50,148,74,125,98,51,glyphs/sh-16.png,74.0,124.0,50.0,133.0
593,ш,sh,sh,False,italic,False,52,146,67,132,94,65,glyphs/sh-17.png,64.0,127.0,54.0,138.0
594,ш,sh,sh,False,italic,False,51,147,64,134,96,70,glyphs/sh-18.png,62.0,123.0,49.0,135.0
595,щ,shch,shch,False,italic,False,58,141,56,142,83,86,glyphs/shch-0.png,56.0,100.0,57.0,133.0
596,щ,shch,shch,False,italic,False,38,161,53,145,123,92,glyphs/shch-2.png,52.0,99.0,37.0,138.0
597,щ,shch,shch,False,italic,False,57,142,51,147,85,96,glyphs/shch-3.png,49.0,99.0,54.0,144.0
598,щ,shch,shch,False,italic,False,51,148,49,150,97,101,glyphs/shch-4.png,49.0,100.0,52.0,136.0
599,щ,shch,shch,False,italic,False,53,145,49,150,92,101,glyphs/shch-5.png,45.0,90.0,54.0,134.0
600,щ,shch,shch,False,italic,False,55,143,46,152,88,106,glyphs/shch-6.png,50.0,83.0,61.0,133.0
601,щ,shch,shch,False,italic,False,57,142,44,155,85,111,glyphs/shch-7.png,43.0,85.0,57.0,141.0
602,щ,shch,shch,False,italic,False,52,147,58,141,95,83,glyphs/shch-8.png,61.0,112.0,58.0,143.0
603,щ,shch,shch,False,italic,False,55,144,45,153,89,108,glyphs/shch-9.png,48.0,99.0,56.0,140.0
604,щ,shch,shch,False,italic,False,51,147,43,155,96,112,glyphs/shch-10.png,45.0,99.0,54.0,145.0
605,щ,shch,shch,False,italic,False,51,148,48,151,97,103,glyphs/shch-11.png,45.0,99.0,54.0,145.0
606,щ,shch,shch,False,italic,False,26,173,60,139,147,79,glyphs/shch-12.png,60.0,104.0,28.0,136.0
607,щ,shch,shch,False,italic,False,45,153,51,148,108,97,glyphs/shch-13.png,50.0,104.0,46.0,137.0
608,щ,shch,shch,False,italic,False,39,160,55,144,121,89,glyphs/shch-14.png,55.0,100.0,38.0,149.0
609,щ,shch,shch,False,italic,False,33,166,49,149,133,100,glyphs/shch-15.png,47.0,99.0,35.0,150.0
610,щ,shch,shch,False,italic,False,39,160,55,143,121,88,glyphs/shch-16.png,51.0,97.0,45.0,146.0
611,щ,shch,shch,False,italic,False,49,149,64,134,100,70,glyphs/shch-17.png,62.0,112.0,48.0,143.0
612,щ,shch,shch,False,italic,False,40,158,61,138,118,77,glyphs/shch-18.png,59.0,113.0,41.0,151.0
613,щ,shch,shch,False,italic,False,41,158,59,139,117,80,glyphs/shch-19.png,52.0,109.0,36.0,150.0
614,ь,',soft_sign,False,italic,False,74,124,64,135,50,71,glyphs/soft_sign-0.png,61.0,136.0,73.0,125.0
615,ь,',soft_sign,False,italic,False,80,119,65,133,39,68,glyphs/soft_sign-1.png,65.0,132.0,81.0,119.0
616,ь,',soft_sign,False,italic,False,78,120,64,135,42,71,glyphs/soft_sign-2.png,62.0,135.0,78.0,121.0
617,ь,',soft_sign,False,italic,False,73,125,56,143,52,87,glyphs/soft_sign-3.png,55.0,143.0,79.0,123.0
618,ь,',soft_sign,False,italic,False,84,115,61,138,31,77,glyphs/soft_sign-4.png,60.0,139.0,87.0,115.0
619,ь,',soft_sign,False,italic,False,78,121,57,142,43,85,glyphs/soft_sign-5.png,60.0,140.0,80.0,120.0
620,ь,',soft_sign,False,italic,False,72,126,59,139,54,80,glyphs/soft_sign-6.png,59.0,139.0,77.0,125.0
621,ь,',soft_sign,False,italic,False,79,119,59,139,40,80,glyphs/soft_sign-7.png,60.0,139.0,80.0,119.0
622,ь,',soft_sign,False,italic,False,64,135,66,132,71,66,glyphs/soft_sign-8.png,62.0,132.0,67.0,134.0
623,ь,',soft_sign,False,italic,False,69,129,64,135,60,71,glyphs/soft_sign-9.png,62.0,133.0,69.0,129.0
624,ь,',soft_sign,False,italic,False,75,124,63,135,49,72,glyphs/soft_sign-10.png,59.0,135.0,76.0,121.0
625,ь,',soft_sign,False,italic,False,70,129,57,141,59,84,glyphs/soft_sign-11.png,57.0,142.0,72.0,123.0
626,ь,',soft_sign,False,italic,False,72,126,63,136,54,73,glyphs/soft_sign-12.png,63.0,135.0,73.0,125.0
627,ь,',soft_sign,False,italic,False,77,122,59,140,45,81,glyphs/soft_sign-13.png,62.0,137.0,79.0,118.0
628,ь,',soft_sign,False,italic,False,74,124,55,143,50,88,glyphs/soft_sign-14.png,56.0,142.0,75.0,123.0
629,ь,',soft_sign,False,italic,False,72,126,65,134,54,69,glyphs/soft_sign-15.png,67.0,134.0,72.0,124.0
630,ь,',soft_sign,False,italic,False,70,129,60,138,59,78,glyphs/soft_sign-16.png,60.0,138.0,73.0,124.0
631,ь,',soft_sign,False,italic,False,66,132,69,130,66,61,glyphs/soft_sign-17.png,73.0,131.0,71.0,128.0
632,ю,yu,yu,False,italic,False,48,151,63,136,103,73,glyphs/yu-0.png,64.0,133.0,59.0,141.0
633,ю,yu,yu,False,italic,False,54,144,62,136,90,74,glyphs/yu-1.png,64.0,133.0,59.0,141.0
634,ю,yu,yu,False,italic,False,61,138,62,136,77,74,glyphs/yu-2.png,64.0,133.0,59.0,141.0
635,ю,yu,yu,False,italic,False,56,142,58,141,86,83,glyphs/yu-3.png,61.0,140.0,56.0,141.0
636,ю,yu,yu,False,italic,False,51,148,64,135,97,71,glyphs/yu-4.png,61.0,135.0,52.0,147.0
637,ю,yu,yu,False,italic,False,69,129,73,126,60,53,glyphs/yu-5.png,70.0,131.0,67.0,130.0
638,ю,yu,yu,False,italic,False,62,137,75,123,75,48,glyphs/yu-6.png,71.0,129.0,62.0,137.0
639,ю,yu,yu,False,italic,False,52,146,66,132,94,66,glyphs/yu-7.png,70.0,133.0,50.0,145.0
640,ю,yu,yu,False,italic,False,57,142,67,131,85,64,glyphs/yu-8.png,66.0,131.0,56.0,142.0
641,ю,yu,yu,False,italic,False,63,135,63,136,72,73,glyphs/yu-9.png,64.0,135.0,62.0,135.0
642,ю,yu,yu,False,italic,False,60,138,64,135,78,71,glyphs/yu-10.png,70.0,131.0,60.0,137.0
643,ю,yu,yu,False,italic,False,54,145,57,141,91,84,glyphs/yu-11.png,59.0,133.0,55.0,143.0
644,ю,yu,yu,False,italic,False,51,148,60,139,97,79,glyphs/yu-12.png,60.0,141.0,50.0,149.0
645,ю,yu,yu,False,italic,False,46,152,70,129,106,59,glyphs/yu-13.png,70.0,130.0,47.0,149.0
646,ю,yu,yu,False,italic,False,39,160,68,131,121,63,glyphs/yu-14.png,69.0,128.0,38.0,159.0
647,ю,yu,yu,False,italic,False,61,137,70,128,76,58,glyphs/yu-15.png,65.0,126.0,62.0,137.0
648,ю,yu,yu,False,italic,False,63,136,65,133,73,68,glyphs/yu-16.png,65.0,129.0,63.0,136.0
649,ю,yu,yu,False,italic,False,54,145,64,135,91,71,glyphs/yu-17.png,60.0,131.0,54.0,143.0
650,ю,yu,yu,False,italic,False,49,149,69,129,100,60,glyphs/yu-18.png,66.0,130.0,51.0,148.0
651,ю,yu,yu,False,italic,False,52,147,66,133,95,67,glyphs/yu-19.png,66.0,130.0,51.0,148.0
652,я,ya,ya,False,italic,False,58,141,57,142,83,85,glyphs/ya-0.png,56.0,142.0,58.0,130.0
653,я,ya,ya,False,italic,False,64,135,60,138,71,78,glyphs/ya-1.png,61.0,137.0,64.0,119.0
654,я,ya,ya,False,italic,False,58,140,56,143,82,87,glyphs/ya-2.png,57.0,142.0,61.0,125.0
655,я,ya,ya,False,italic,False,63,135,50,149,72,99,glyphs/ya-3.png,51.0,142.0,68.0,133.0
656,я,ya,ya,False,italic,False,60,138,47,152,78,105,glyphs/ya-4.png,45.0,150.0,62.0,138.0
657,я,ya,ya,False,italic,False,63,136,59,139,73,80,glyphs/ya-5.png,61.0,140.0,63.0,120.0
658,я,ya,ya,False,italic,False,59,139,49,149,80,100,glyphs/ya-6.png,48.0,133.0,67.0,128.0
659,я,ya,ya,False,italic,False,49,149,50,149,100,99,glyphs/ya-7.png,51.0,141.0,54.0,119.0
660,я,ya,ya,False,italic,False,52,146,58,140,94,82,glyphs/ya-9.png,64.0,139.0,51.0,141.0
661,я,ya,ya,False,italic,False,53,145,56,143,92,87,glyphs/ya-10.png,59.0,140.0,53.0,139.0
662,я,ya,ya,False,italic,False,55,143,60,139,88,79,glyphs/ya-11.png,60.0,139.0,60.0,142.0
663,я,ya,ya,False,italic,False,62,136,55,144,74,89,glyphs/ya-12.png,59.0,143.0,64.0,131.0
664,я,ya,ya,False,italic,False,63,136,64,135,73,71,glyphs/ya-13.png,65.0,134.0,67.0,126.0
665,я,ya,ya,False,italic,False,53,145,59,140,92,81,glyphs/ya-14.png,62.0,128.0,57.0,132.0
666,я,ya,ya,False,italic,False,68,130,57,141,62,84,glyphs/ya-15.png,54.0,135.0,68.0,127.0
667,я,ya,ya,False,italic,False,60,139,52,146,79,94,glyphs/ya-16.png,54.0,144.0,61.0,126.0
668,я,ya,ya,False,italic,False,62,136,57,141,74,84,glyphs/ya-17.png,59.0,138.0,65.0,128.0
669,я,ya,ya,False,italic,False,58,140,58,140,82,82,glyphs/ya-18.png,60.0,140.0,61.0,132.0
670,я,ya,ya,False,italic,False,46,153,58,141,107,83,glyphs/ya-19.png,58.0,130.0,54.0,140.0
671,ц,ts,ts,False,italic,False,65,134,43,155,69,112,glyphs/ts-14.png,45.0,104.0,63.0,133.0
672,ц,ts,ts,False,italic,False,64,135,68,131,71,63,glyphs/ts-15.png,66.0,114.0,64.0,121.0
673,ц,ts,ts,False,italic,False,64,135,62,137,71,75,glyphs/ts-16.png,62.0,107.0,67.0,124.0
674,ц,ts,ts,False,italic,False,58,141,45,154,83,109,glyphs/ts-17.png,47.0,93.0,58.0,135.0
675,ц,ts,ts,False,italic,False,42,157,51,147,115,96,glyphs/ts-18.png,51.0,104.0,45.0,138.0
676,ц,ts,ts,False,italic,False,47,151,45,154,104,109,glyphs/ts-19.png,44.0,99.0,49.0,115.0
677,в,v,v,False,italic,False,71,127,48,150,56,102,glyphs/v-19.png,99.0,150.0,73.0,127.0
678,и,y,y,False,italic,False,57,142,71,128,85,57,glyphs/y-18.png,71.0,128.0,57.0,134.0
679,и,y,y,False,italic,False,55,144,68,130,89,62,glyphs/y-19.png,67.0,130.0,54.0,139.0
680,м,m,m,False,italic,False,53,146,62,136,93,74,glyphs/m-19.png,61.0,135.0,54.0,143.0
681,н,n,n,False,italic,False,58,141,66,133,83,67,glyphs/n-19.png,64.0,131.0,57.0,128.0
682,п,p,p,False,italic,False,60,139,60,138,79,78,glyphs/p-19.png,65.0,129.0,71.0,120.0
683,о,o,o,False,italic,False,60,139,68,130,79,62,glyphs/o-19.png,67.0,129.0,60.0,138.0
684,с,s,s,False,italic,False,71,126,64,135,55,71,glyphs/s-19.png,62.0,136.0,72.0,124.0
685,ф,f,f,False,italic,False,54,145,60,139,91,79,glyphs/f-18.png,62.0,115.0,56.0,145.0
686,ф,f,f,False,italic,False,45,154,51,148,109,97,glyphs/f-19.png,51.0,115.0,45.0,153.0
687,А,a,a,True,italic,False,51,148,47,152,97,105,glyphs/a-21.png,96.0,151.0,56.0,143.0
688,А,a,a,True,italic,False,58,141,47,151,83,104,glyphs/a-22.png,96.0,150.0,64.0,130.0
689,А,a,a,True,italic,False,59,139,47,151,80,104,glyphs/a-23.png,97.0,152.0,61.0,135.0
690,А,a,a,True,italic,False,44,154,43,155,110,112,glyphs/a-24.png,99.0,153.0,55.0,150.0
691,А,a,a,True,italic,False,54,144,37,162,90,125,glyphs/a-25.png,109.0,158.0,66.0,141.0
692,А,a,a,True,italic,False,57,142,46,152,85,106,glyphs/a-26.png,102.0,154.0,57.0,140.0
693,А,a,a,True,italic,False,53,146,43,156,93,113,glyphs/a-27.png,103.0,155.0,56.0,133.0
694,А,a,a,True,italic,False,58,141,46,153,83,107,glyphs/a-28.png,105.0,157.0,59.0,134.0
695,А,a,a,True,italic,False,55,143,43,156,88,113,glyphs/a-29.png,109.0,158.0,60.0,136.0
696,А,a,a,True,italic,False,50,149,27,172,99,145,glyphs/a-30.png,120.0,172.0,55.0,137.0
697,А,a,a,True,italic,False,58,140,44,155,82,111,glyphs/a-31.png,106.0,155.0,59.0,132.0
698,А,a,a,True,italic,False,50,149,45,153,99,108,glyphs/a-32.png,105.0,153.0,50.0,144.0
699,А,a,a,True,italic,False,44,154,47,152,110,105,glyphs/a-33.png,104.0,148.0,43.0,146.0
700,А,a,a,True,italic,False,57,142,54,145,85,91,glyphs/a-34.png,95.0,145.0,60.0,138.0
701,А,a,a,True,italic,False,55,144,42,157,89,115,glyphs/a-35.png,113.0,153.0,57.0,141.0
702,А,a,a,True,italic,False,64,134,52,146,70,94,glyphs/a-36.png,96.0,146.0,60.0,134.0
703,А,a,a,True,italic,False,57,141,34,165,84,131,glyphs/a-37.png,104.0,165.0,55.0,139.0
704,А,a,a,True,italic,False,53,145,38,160,92,122,glyphs/a-38.png,107.0,154.0,54.0,145.0
705,А,a,a,True,italic,False,18,180,38,160,162,122,glyphs/a-39.png,100.0,148.0,19.0,114.0
706,А,a,a,True,italic,False,58,141,41,158,83,117,glyphs/a-40.png,99.0,158.0,59.0,140.0
707,Б,b,b,True,italic,False,47,152,36,163,105,127,glyphs/b-21.png,91.0,147.0,64.0,149.0
708,Б,b,b,True,italic,False,44,154,44,155,110,111,glyphs/b-22.png,93.0,154.0,45.0,136.0
709,Б,b,b,True,italic,False,42,156,44,155,114,111,glyphs/b-23.png,89.0,153.0,52.0,146.0
710,Б,b,b,True,italic,False,46,153,40,158,107,118,glyphs/b-24.png,78.0,154.0,48.0,140.0
711,Б,b,b,True,italic,False,51,147,43,156,96,113,glyphs/b-25.png,95.0,154.0,56.0,137.0
712,Б,b,b,True,italic,False,47,151,35,163,104,128,glyphs/b-26.png,100.0,157.0,61.0,134.0
713,Б,b,b,True,italic,False,34,165,27,171,131,144,glyphs/b-27.png,99.0,168.0,55.0,144.0
714,Б,b,b,True,italic,False,42,156,37,161,114,124,glyphs/b-28.png,85.0,161.0,62.0,150.0
715,Б,b,b,True,italic,False,50,148,38,161,98,123,glyphs/b-29.png,83.0,151.0,65.0,147.0
716,Б,b,b,True,italic,False,44,154,42,157,110,115,glyphs/b-30.png,95.0,150.0,43.0,148.0
717,Б,b,b,True,italic,False,41,157,33,165,116,132,glyphs/b-31.png,95.0,154.0,53.0,149.0
718,Б,b,b,True,italic,False,43,155,35,163,112,128,glyphs/b-32.png,110.0,163.0,57.0,143.0
719,Б,b,b,True,italic,False,42,156,40,158,114,118,glyphs/b-33.png,82.0,156.0,66.0,148.0
720,Б,b,b,True,italic,False,57,141,41,158,84,117,glyphs/b-34.png,93.0,149.0,59.0,140.0
721,Б,b,b,True,italic,False,50,149,32,167,99,135,glyphs/b-35.png,90.0,158.0,63.0,149.0
722,Б,b,b,True,italic,False,45,154,47,151,109,104,glyphs/b-36.png,100.0,151.0,48.0,139.0
723,Б,b,b,True,italic,False,54,144,42,157,90,115,glyphs/b-37.png,79.0,153.0,62.0,144.0
724,Б,b,b,True,italic,False,58,140,42,156,82,114,glyphs/b-38.png,91.0,155.0,66.0,133.0
725,Б,b,b,True,italic,False,59,139,38,160,80,122,glyphs/b-39.png,105.0,159.0,68.0,139.0
726,Б,b,b,True,italic,False,63,136,32,166,73,134,glyphs/b-40.png,88.0,158.0,57.0,136.0
727,Б,b,b,True,italic,True,40,158,41,157,118,116,glyphs/b-41.png,97.0,157.0,48.0,131.0
728,Б,b,b,True,italic,True,54,145,28,171,91,143,glyphs/b-42.png,103.0,167.0,69.0,145.0
729,Б,b,b,True,italic,True,55,143,31,167,88,136,glyphs/b-43.png,90.0,162.0,64.0,143.0
730,Б,b,b,True,italic,True,42,156,26,173,114,147,glyphs/b-44.png,93.0,169.0,57.0,143.0
731,Б,b,b,True,italic,True,45,153,29,170,108,141,glyphs/b-45.png,91.0,167.0,55.0,139.0
732,Б,b,b,True,italic,True,63,136,34,164,73,130,glyphs/b-46.png,103.0,163.0,70.0,137.0
733,Б,b,b,True,italic,True,50,148,32,166,98,134,glyphs/b-47.png,98.0,164.0,52.0,125.0
734,Б,b,b,True,italic,True,68,130,36,163,62,127,glyphs/b-48.png,108.0,164.0,69.0,132.0
735,Б,b,b,True,italic,True,54,144,44,154,90,110,glyphs/b-49.png,99.0,153.0,66.0,145.0
736,Б,b,b,True,italic,True,52,146,37,162,94,125,glyphs/b-50.png,97.0,161.0,52.0,131.0
737,Б,b,b,True,italic,True,49,150,32,167,101,135,glyphs/b-51.png,92.0,166.0,48.0,129.0
738,Б,b,b,True,italic,True,50,148,29,170,98,141,glyphs/b-52.png,92.0,169.0,69.0,149.0
739,Б,b,b,True,italic,True,55,144,30,168,89,138,glyphs/b-53.png,99.0,168.0,55.0,129.0
740,Б,b,b,True,italic,True,52,147,42,157,95,115,glyphs/b-54.png,98.0,155.0,54.0,140.0
741,Б,b,b,True,italic,True,54,145,36,162,91,126,glyphs/b-55.png,76.0,153.0,58.0,144.0
742,Б,b,b,True,italic,True,55,143,46,152,88,106,glyphs/b-56.png,106.0,153.0,57.0,142.0
743,Б,b,b,True,italic,True,57,142,44,154,85,110,glyphs/b-57.png,91.0,153.0,57.0,127.0
744,Б,b,b,True,italic,True,60,138,38,161,78,123,glyphs/b-58.png,100.0,160.0,63.0,138.0
745,Б,b,b,True,italic,True,49,150,41,158,101,117,glyphs/b-59.png,94.0,159.0,67.0,151.0
746,Б,b,b,True,italic,True,59,139,33,166,80,133,glyphs/b-60.png,114.0,165.0,70.0,140.0
747,В,v,v,True,italic,False,49,149,53,146,100,93,glyphs/v-21.png,99.0,146.0,60.0,149.0
748,В,v,v,True,italic,False,52,147,35,163,95,128,glyphs/v-22.png,97.0,160.0,50.0,147.0
749,В,v,v,True,italic,False,54,145,39,160,91,121,glyphs/v-23.png,94.0,159.0,55.0,145.0
750,В,v,v,True,italic,False,55,144,39,160,89,121,glyphs/v-24.png,97.0,160.0,64.0,145.0
751,В,v,v,True,italic,False,50,149,36,162,99,126,glyphs/v-25.png,94.0,161.0,67.0,149.0
752,В,v,v,True,italic,False,52,146,42,157,94,115,glyphs/v-26.png,90.0,155.0,65.0,145.0
753,В,v,v,True,italic,False,46,152,38,160,106,122,glyphs/v-27.png,99.0,159.0,59.0,151.0
754,В,v,v,True,italic,False,51,148,37,161,97,124,glyphs/v-28.png,99.0,157.0,59.0,148.0
755,В,v,v,True,italic,False,56,142,50,148,86,98,glyphs/v-29.png,104.0,146.0,61.0,142.0
756,В,v,v,True,italic,False,40,158,41,158,118,117,glyphs/v-30.png,97.0,158.0,52.0,150.0
757,В,v,v,True,italic,False,49,149,45,154,100,109,glyphs/v-31.png,88.0,152.0,49.0,148.0
758,В,v,v,True,italic,False,55,144,41,158,89,117,glyphs/v-32.png,85.0,157.0,54.0,144.0
759,В,v,v,True,italic,False,55,144,46,153,89,107,glyphs/v-33.png,97.0,153.0,60.0,143.0
760,В,v,v,True,italic,False,58,141,47,151,83,104,glyphs/v-34.png,98.0,151.0,55.0,140.0
761,В,v,v,True,italic,False,59,139,47,152,80,105,glyphs/v-35.png,92.0,150.0,69.0,140.0
762,В,v,v,True,italic,False,42,157,42,157,115,115,glyphs/v-36.png,85.0,155.0,54.0,156.0
763,В,v,v,True,italic,False,46,152,49,150,106,101,glyphs/v-37.png,90.0,149.0,49.0,152.0
764,В,v,v,True,italic,False,52,147,42,156,95,114,glyphs/v-38.png,89.0,138.0,66.0,146.0
765,В,v,v,True,italic,False,46,153,38,160,107,122,glyphs/v-39.png,99.0,157.0,62.0,145.0
766,В,v,v,True,italic,True,61,137,51,147,76,96,glyphs/v-40.png,93.0,148.0,66.0,137.0
767,В,v,v,True,italic,True,67,132,51,147,65,96,glyphs/v-41.png,90.0,146.0,68.0,132.0
768,В,v,v,True,italic,True,60,139,47,152,79,105,glyphs/v-42.png,96.0,152.0,65.0,134.0
769,В,v,v,True,italic,True,62,137,47,152,75,105,glyphs/v-43.png,84.0,146.0,66.0,125.0
770,В,v,v,True,italic,True,58,141,37,161,83,124,glyphs/v-44.png,100.0,161.0,61.0,140.0
771,В,v,v,True,italic,True,60,138,41,158,78,117,glyphs/v-45.png,95.0,160.0,58.0,130.0
772,В,v,v,True,italic,True,61,138,49,149,77,100,glyphs/v-46.png,91.0,147.0,58.0,137.0
773,В,v,v,True,italic,True,54,144,34,165,90,131,glyphs/v-47.png,92.0,165.0,62.0,127.0
774,В,v,v,True,italic,True,65,134,27,171,69,144,glyphs/v-48.png,103.0,158.0,66.0,134.0
775,В,v,v,True,italic,True,42,157,24,175,115,151,glyphs/v-49.png,89.0,156.0,43.0,137.0
776,В,v,v,True,italic,True,50,149,38,161,99,123,glyphs/v-50.png,86.0,146.0,50.0,130.0
777,В,v,v,True,italic,True,60,138,44,154,78,110,glyphs/v-51.png,93.0,152.0,61.0,133.0
778,В,v,v,True,italic,True,59,140,38,161,81,123,glyphs/v-52.png,90.0,158.0,61.0,133.0
779,В,v,v,True,italic,True,68,131,30,168,63,138,glyphs/v-53.png,94.0,165.0,71.0,129.0
780,В,v,v,True,italic,True,43,156,27,171,113,144,glyphs/v-54.png,103.0,171.0,47.0,131.0
781,В,v,v,True,italic,True,48,150,27,172,102,145,glyphs/v-55.png,115.0,172.0,59.0,139.0
782,В,v,v,True,italic,True,47,152,25,173,105,148,glyphs/v-56.png,104.0,165.0,47.0,127.0
783,В,v,v,True,italic,True,67,131,33,165,64,132,glyphs/v-57.png,101.0,164.0,66.0,127.0
784,В,v,v,True,italic,True,65,133,37,161,68,124,glyphs/v-58.png,93.0,161.0,64.0,123.0
785,В,v,v,True,italic,True,57,141,39,159,84,120,glyphs/v-59.png,92.0,158.0,57.0,126.0
786,Г,h,h,True,italic,False,39,159,37,161,120,124,glyphs/h-21.png,96.0,161.0,39.0,104.0
787,Г,h,h,True,italic,False,61,137,31,168,76,137,glyphs/h-22.png,103.0,168.0,67.0,108.0
788,Г,h,h,True,italic,False,54,145,31,168,91,137,glyphs/h-23.png,117.0,168.0,57.0,112.0
789,Г,h,h,True,italic,False,40,159,36,163,119,127,glyphs/h-24.png,111.0,163.0,53.0,103.0
790,Г,h,h,True,italic,False,34,165,38,160,131,122,glyphs/h-25.png,109.0,159.0,38.0,101.0
791,Г,h,h,True,italic,False,57,141,45,153,84,108,glyphs/h-26.png,104.0,154.0,60.0,106.0
792,Г,h,h,True,italic,False,54,145,46,153,91,107,glyphs/h-27.png,100.0,152.0,57.0,108.0
793,Г,h,h,True,italic,False,68,130,40,159,62,119,glyphs/h-28.png,102.0,159.0,68.0,111.0
794,Г,h,h,True,italic,False,64,134,37,162,70,125,glyphs/h-29.png,106.0,160.0,62.0,116.0
795,Г,h,h,True,italic,False,62,137,41,157,75,116,glyphs/h-30.png,107.0,157.0,63.0,111.0
796,Г,h,h,True,italic,False,58,141,44,155,83,111,glyphs/h-31.png,109.0,155.0,59.0,108.0
797,Г,h,h,True,italic,False,63,136,47,152,73,105,glyphs/h-32.png,103.0,151.0,63.0,115.0
798,Г,h,h,True,italic,False,66,133,45,154,67,109,glyphs/h-33.png,99.0,153.0,62.0,109.0
799,Г,h,h,True,italic,False,56,142,50,149,86,99,glyphs/h-34.png,95.0,149.0,55.0,94.0
800,Г,h,h,True,italic,False,57,141,48,150,84,102,glyphs/h-35.png,95.0,149.0,57.0,100.0
801,Г,h,h,True,italic,False,62,136,45,154,74,109,glyphs/h-36.png,100.0,153.0,61.0,108.0
802,Г,h,h,True,italic,False,56,143,50,149,87,99,glyphs/h-37.png,99.0,147.0,60.0,112.0
803,Г,h,h,True,italic,False,41,158,43,156,117,113,glyphs/h-38.png,99.0,155.0,47.0,111.0
804,Г,h,h,True,italic,False,47,151,47,152,104,105,glyphs/h-39.png,95.0,145.0,49.0,105.0
805,Г,h,h,True,italic,False,40,159,47,151,119,104,glyphs/h-40.png,94.0,145.0,39.0,112.0
806,Г,h,h,True,italic,False,51,147,48,150,96,102,glyphs/h-41.png,95.0,149.0,51.0,102.0
807,Г,h,h,True,italic,False,50,149,43,155,99,112,glyphs/h-42.png,98.0,152.0,52.0,102.0
808,Г,h,h,True,italic,False,54,144,35,163,90,128,glyphs/h-43.png,103.0,162.0,55.0,96.0
809,Г,h,h,True,italic,False,57,142,45,154,85,109,glyphs/h-44.png,102.0,157.0,61.0,101.0
810,Г,h,h,True,italic,False,50,149,41,158,99,117,glyphs/h-45.png,101.0,160.0,51.0,111.0
811,Г,h,h,True,italic,False,64,134,41,158,70,117,glyphs/h-46.png,101.0,158.0,66.0,117.0
812,Г,h,h,True,italic,False,67,131,32,167,64,135,glyphs/h-47.png,103.0,165.0,67.0,119.0
813,Г,h,h,True,italic,False,48,151,42,156,103,114,glyphs/h-48.png,97.0,155.0,51.0,106.0
814,Г,h,h,True,italic,False,70,129,39,160,59,121,glyphs/h-49.png,94.0,160.0,82.0,123.0
815,Г,h,h,True,italic,False,53,145,40,159,92,119,glyphs/h-50.png,91.0,159.0,61.0,111.0
816,Г,h,h,True,italic,False,57,142,34,164,85,130,glyphs/h-51.png,91.0,164.0,51.0,100.0
817,Г,h,h,True,italic,False,47,151,41,157,104,116,glyphs/h-52.png,91.0,158.0,53.0,130.0
818,Г,h,h,True,italic,False,48,150,40,158,102,118,glyphs/h-53.png,99.0,157.0,52.0,129.0
819,Г,h,h,True,italic,False,52,147,36,163,95,127,glyphs/h-54.png,104.0,162.0,51.0,128.0
820,Г,h,h,True,italic,False,40,159,39,159,119,120,glyphs/h-55.png,99.0,158.0,47.0,137.0
821,Г,h,h,True,italic,False,47,151,40,158,104,118,glyphs/h-56.png,97.0,156.0,50.0,132.0
822,Г,h,h,True,italic,False,27,171,34,165,144,131,glyphs/h-57.png,93.0,164.0,36.0,123.0
823,Г,h,h,True,italic,False,60,139,33,165,79,132,glyphs/h-58.png,108.0,164.0,63.0,114.0
824,Г,h,h,True,italic,False,53,145,37,161,92,124,glyphs/h-59.png,99.0,161.0,56.0,118.0
825,Г,h,h,True,italic,False,45,154,37,161,109,124,glyphs/h-60.png,117.0,161.0,44.0,108.0
826,Д,d,d,True,italic,False,41,158,45,154,117,109,glyphs/d-41.png,105.0,151.0,51.0,155.0
827,Д,d,d,True,italic,False,50,148,53,145,98,92,glyphs/d-42.png,101.0,140.0,56.0,148.0
828,Д,d,d,True,italic,False,56,142,46,152,86,106,glyphs/d-43.png,97.0,138.0,65.0,144.0
829,Д,d,d,True,italic,False,57,142,52,147,85,95,glyphs/d-44.png,97.0,145.0,63.0,144.0
830,Д,d,d,True,italic,False,65,134,41,158,69,117,glyphs/d-45.png,95.0,156.0,69.0,134.0
831,Д,d,d,True,italic,False,61,138,49,149,77,100,glyphs/d-46.png,93.0,147.0,59.0,127.0
832,Д,d,d,True,italic,False,65,133,47,151,68,104,glyphs/d-47.png,81.0,134.0,67.0,135.0
833,Д,d,d,True,italic,False,68,130,40,158,62,118,glyphs/d-48.png,93.0,130.0,66.0,130.0
834,Д,d,d,True,italic,False,53,146,44,155,93,111,glyphs/d-49.png,90.0,146.0,55.0,143.0
835,Д,d,d,True,italic,False,47,152,43,156,105,113,glyphs/d-50.png,90.0,150.0,58.0,151.0
836,Д,d,d,True,italic,False,43,155,47,151,112,104,glyphs/d-51.png,85.0,142.0,68.0,153.0
837,Д,d,d,True,italic,False,50,149,45,153,99,108,glyphs/d-52.png,101.0,150.0,49.0,146.0
838,Д,d,d,True,italic,False,49,149,39,159,100,120,glyphs/d-53.png,92.0,152.0,56.0,146.0
839,Д,d,d,True,italic,False,41,157,44,155,116,111,glyphs/d-54.png,100.0,140.0,73.0,159.0
840,Д,d,d,True,italic,False,44,154,39,159,110,120,glyphs/d-55.png,96.0,153.0,50.0,150.0
841,Д,d,d,True,italic,False,48,150,44,155,102,111,glyphs/d-56.png,84.0,127.0,64.0,150.0
842,Д,d,d,True,italic,False,48,150,60,138,102,78,glyphs/d-57.png,91.0,135.0,47.0,149.0
843,Д,d,d,True,italic,False,47,152,55,143,105,88,glyphs/d-58.png,86.0,138.0,61.0,151.0
844,Д,d,d,True,italic,False,56,143,42,156,87,114,glyphs/d-59.png,92.0,141.0,53.0,138.0
845,Д,d,d,True,italic,False,49,150,50,149,101,99,glyphs/d-60.png,89.0,130.0,67.0,150.0
846,Е,e,e,True,italic,False,70,129,45,154,59,109,glyphs/e-21.png,96.0,154.0,72.0,113.0
847,Е,e,e,True,italic,False,83,115,34,165,32,131,glyphs/e-22.png,94.0,165.0,81.0,109.0
848,Е,e,e,True,italic,False,72,126,50,148,54,98,glyphs/e-23.png,90.0,147.0,82.0,123.0
849,Е,e,e,True,italic,False,77,122,55,144,45,89,glyphs/e-24.png,91.0,143.0,82.0,116.0
850,Е,e,e,True,italic,False,60,139,38,160,79,122,glyphs/e-25.png,106.0,159.0,59.0,120.0
851,Е,e,e,True,italic,False,62,137,37,162,75,125,glyphs/e-26.png,107.0,162.0,64.0,134.0
852,Е,e,e,True,italic,False,72,126,49,149,54,100,glyphs/e-27.png,98.0,147.0,71.0,124.0
853,Е,e,e,True,italic,False,80,118,57,142,38,85,glyphs/e-28.png,98.0,142.0,82.0,116.0
854,Е,e,e,True,italic,False,78,121,60,139,43,79,glyphs/e-29.png,94.0,137.0,79.0,116.0
855,Е,e,e,True,italic,False,69,129,49,150,60,101,glyphs/e-30.png,99.0,149.0,75.0,127.0
856,Е,e,e,True,italic,False,83,115,43,155,32,112,glyphs/e-31.png,96.0,153.0,89.0,115.0
857,Е,e,e,True,italic,False,86,112,39,159,26,120,glyphs/e-32.png,94.0,157.0,85.0,108.0
858,Е,e,e,True,italic,False,25,173,44,154,148,110,glyphs/e-33.png,93.0,155.0,28.0,78.0
859,Е,e,e,True,italic,False,69,129,44,155,60,111,glyphs/e-34.png,102.0,155.0,71.0,123.0
860,Е,e,e,True,italic,False,72,127,43,156,55,113,glyphs/e-35.png,107.0,156.0,72.0,125.0
861,Е,e,e,True,italic,False,80,119,43,155,39,112,glyphs/e-36.png,95.0,153.0,85.0,114.0
862,Е,e,e,True,italic,False,74,125,46,153,51,107,glyphs/e-37.png,89.0,153.0,77.0,109.0
863,Е,e,e,True,italic,False,65,133,40,159,68,119,glyphs/e-38.png,101.0,159.0,70.0,124.0
864,Е,e,e,True,italic,False,73,126,41,158,53,117,glyphs/e-39.png,102.0,157.0,79.0,122.0
865,Е,e,e,True,italic,False,76,122,47,152,46,105,glyphs/e-40.png,93.0,152.0,81.0,118.0
866,Є,ye,ye,True,italic,False,71,127,41,157,56,116,glyphs/ye-21.png,93.0,154.0,71.0,108.0
867,Є,ye,ye,True,italic,False,71,127,48,150,56,102,glyphs/ye-22.png,104.0,149.0,76.0,126.0
868,Є,ye,ye,True,italic,False,75,123,45,154,48,109,glyphs/ye-23.png,105.0,152.0,78.0,112.0
869,Є,ye,ye,True,italic,False,85,114,44,155,29,111,glyphs/ye-24.png,103.0,156.0,84.0,121.0
870,Є,ye,ye,True,italic,False,73,126,44,154,53,110,glyphs/ye-25.png,94.0,153.0,74.0,120.0
871,Є,ye,ye,True,italic,False,75,124,45,153,49,108,glyphs/ye-26.png,94.0,152.0,83.0,120.0
872,Є,ye,ye,True,italic,False,67,131,43,156,64,113,glyphs/ye-27.png,103.0,153.0,69.0,111.0
873,Є,ye,ye,True,italic,False,82,116,52,147,34,95,glyphs/ye-28.png,97.0,146.0,83.0,115.0
874,Є,ye,ye,True,italic,False,64,134,48,150,70,102,glyphs/ye-29.png,84.0,150.0,75.0,126.0
875,Є,ye,ye,True,italic,False,72,127,48,151,55,103,glyphs/ye-30.png,84.0,150.0,73.0,114.0
876,Є,ye,ye,True,italic,False,75,124,44,154,49,110,glyphs/ye-31.png,94.0,153.0,80.0,115.0
877,Є,ye,ye,True,italic,False,75,123,48,151,48,103,glyphs/ye-32.png,93.0,151.0,77.0,114.0
878,Є,ye,ye,True,italic,False,75,123,49,149,48,100,glyphs/ye-33.png,96.0,148.0,79.0,115.0
879,Є,ye,ye,True,italic,False,74,124,42,156,50,114,glyphs/ye-34.png,93.0,157.0,72.0,124.0
880,Є,ye,ye,True,italic,False,72,127,49,149,55,100,glyphs/ye-35.png,100.0,148.0,73.0,116.0
881,Є,ye,ye,True,italic,False,79,120,47,151,41,104,glyphs/ye-36.png,99.0,150.0,81.0,116.0
882,Є,ye,ye,True,italic,False,80,119,50,148,39,98,glyphs/ye-37.png,96.0,147.0,84.0,118.0
883,Є,ye,ye,True,italic,False,82,117,39,159,35,120,glyphs/ye-38.png,103.0,157.0,79.0,109.0
884,Є,ye,ye,True,italic,False,80,118,42,157,38,115,glyphs/ye-39.png,93.0,157.0,87.0,116.0
885,Ж,zh,zh,True,italic,False,54,145,53,145,91,92,glyphs/zh-41.png,91.0,139.0,59.0,138.0
886,Ж,zh,zh,True,italic,False,59,140,48,150,81,102,glyphs/zh-42.png,103.0,140.0,63.0,133.0
887,Ж,zh,zh,True,italic,False,53,145,49,149,92,100,glyphs/zh-43.png,99.0,138.0,59.0,134.0
888,Ж,zh,zh,True,italic,False,38,161,37,162,123,125,glyphs/zh-44.png,91.0,134.0,70.0,153.0
889,Ж,zh,zh,True,italic,False,42,157,40,158,115,118,glyphs/zh-45.png,99.0,150.0,50.0,142.0
890,Ж,zh,zh,True,italic,False,52,146,36,162,94,126,glyphs/zh-46.png,93.0,145.0,60.0,144.0
891,Ж,zh,zh,True,italic,False,41,158,45,154,117,109,glyphs/zh-47.png,96.0,146.0,43.0,149.0
892,Ж,zh,zh,True,italic,False,62,137,49,150,75,101,glyphs/zh-48.png,104.0,147.0,61.0,129.0
893,Ж,zh,zh,True,italic,False,65,134,57,141,69,84,glyphs/zh-49.png,102.0,138.0,70.0,124.0
894,Ж,zh,zh,True,italic,False,51,148,40,159,97,119,glyphs/zh-50.png,107.0,150.0,49.0,138.0
895,Ж,zh,zh,True,italic,False,58,140,44,155,82,111,glyphs/zh-51.png,109.0,153.0,60.0,131.0
896,Ж,zh,zh,True,italic,False,59,140,43,156,81,113,glyphs/zh-52.png,109.0,153.0,60.0,131.0
897,Ж,zh,zh,True,italic,False,51,147,37,162,96,125,glyphs/zh-53.png,115.0,160.0,51.0,127.0
898,Ж,zh,zh,True,italic,False,51,148,44,154,97,110,glyphs/zh-54.png,115.0,146.0,56.0,139.0
899,Ж,zh,zh,True,italic,False,47,151,49,150,104,101,glyphs/zh-55.png,112.0,150.0,51.0,138.0
900,Ж,zh,zh,True,italic,False,36,162,35,164,126,129,glyphs/zh-56.png,105.0,151.0,34.0,153.0
901,Ж,zh,zh,True,italic,False,45,153,43,156,108,113,glyphs/zh-57.png,94.0,138.0,52.0,146.0
902,Ж,zh,zh,True,italic,False,44,154,45,154,110,109,glyphs/zh-58.png,103.0,149.0,49.0,145.0
903,Ж,zh,zh,True,italic,False,48,150,51,147,102,96,glyphs/zh-59.png,97.0,138.0,48.0,144.0
904,Ж,zh,zh,True,italic,False,41,158,46,153,117,107,glyphs/zh-60.png,102.0,143.0,44.0,149.0
905,З,z,z,True,italic,False,66,132,36,162,66,126,glyphs/z-21.png,107.0,161.0,69.0,131.0
906,З,z,z,True,italic,False,66,133,29,169,67,140,glyphs/z-22.png,116.0,169.0,66.0,133.0
907,З,z,z,True,italic,False,75,124,48,151,49,103,glyphs/z-23.png,107.0,149.0,78.0,124.0
908,З,z,z,True,italic,False,74,124,33,165,50,132,glyphs/z-24.png,114.0,162.0,74.0,118.0
909,З,z,z,True,italic,False,76,122,36,162,46,126,glyphs/z-25.png,114.0,161.0,76.0,118.0
910,З,z,z,True,italic,False,71,128,46,153,57,107,glyphs/z-26.png,115.0,152.0,75.0,126.0
911,З,z,z,True,italic,False,63,135,33,166,72,133,glyphs/z-27.png,105.0,165.0,67.0,134.0
912,З,z,z,True,italic,False,65,134,30,168,69,138,glyphs/z-28.png,105.0,165.0,67.0,134.0
913,З,z,z,True,italic,False,67,131,37,161,64,124,glyphs/z-29.png,101.0,160.0,69.0,131.0
914,З,z,z,True,italic,False,65,133,36,163,68,127,glyphs/z-30.png,101.0,160.0,69.0,131.0
915,З,z,z,True,italic,False,73,125,40,158,52,118,glyphs/z-31.png,102.0,157.0,71.0,125.0
916,З,z,z,True,italic,False,77,121,43,156,44,113,glyphs/z-32.png,100.0,155.0,80.0,120.0
917,З,z,z,True,italic,False,71,128,42,156,57,114,glyphs/z-33.png,100.0,155.0,70.0,113.0
918,З,z,z,True,italic,False,81,118,42,156,37,114,glyphs/z-34.png,103.0,158.0,84.0,117.0
919,З,z,z,True,italic,False,65,134,40,159,69,119,glyphs/z-35.png,104.0,159.0,70.0,134.0
920,З,z,z,True,italic,False,58,141,40,158,83,118,glyphs/z-36.png,104.0,157.0,58.0,141.0
921,З,z,z,True,italic,False,64,135,31,168,71,137,glyphs/z-37.png,107.0,165.0,67.0,123.0
922,З,z,z,True,italic,False,67,131,36,163,64,127,glyphs/z-38.png,107.0,161.0,66.0,130.0
923,З,z,z,True,italic,False,66,133,36,163,67,127,glyphs/z-39.png,114.0,164.0,68.0,123.0
924,І,i,i,True,italic,False,56,143,38,160,87,122,glyphs/i-21.png,111.0,160.0,55.0,125.0
925,І,i,i,True,italic,False,70,129,48,151,59,103,glyphs/i-22.png,109.0,153.0,73.0,112.0
926,І,i,i,True,italic,False,63,136,34,165,73,131,glyphs/i-23.png,113.0,164.0,68.0,116.0
927,І,i,i,True,italic,False,69,129,34,164,60,130,glyphs/i-24.png,124.0,164.0,72.0,115.0
928,І,i,i,True,italic,False,64,135,37,161,71,124,glyphs/i-25.png,118.0,162.0,63.0,114.0
929,І,i,i,True,italic,False,71,128,43,156,57,113,glyphs/i-26.png,113.0,157.0,70.0,122.0
930,І,i,i,True,italic,False,65,133,43,156,68,113,glyphs/i-27.png,108.0,156.0,66.0,129.0
931,І,i,i,True,italic,False,69,130,41,158,61,117,glyphs/i-28.png,119.0,157.0,68.0,133.0
932,І,i,i,True,italic,False,71,128,53,146,57,93,glyphs/i-29.png,114.0,146.0,71.0,127.0
933,І,i,i,True,italic,False,74,124,51,148,50,97,glyphs/i-30.png,105.0,147.0,78.0,126.0
934,І,i,i,True,italic,False,67,131,41,158,64,117,glyphs/i-31.png,105.0,157.0,72.0,129.0
935,І,i,i,True,italic,False,57,141,39,159,84,120,glyphs/i-32.png,108.0,159.0,60.0,119.0
936,І,i,i,True,italic,False,65,133,45,153,68,108,glyphs/i-33.png,113.0,152.0,70.0,115.0
937,І,i,i,True,italic,False,57,142,31,167,85,136,glyphs/i-34.png,116.0,166.0,62.0,116.0
938,І,i,i,True,italic,False,60,139,42,156,79,114,glyphs/i-35.png,112.0,155.0,67.0,125.0
939,І,i,i,True,italic,False,56,143,54,145,87,91,glyphs/i-36.png,101.0,143.0,78.0,146.0
940,І,i,i,True,italic,False,64,134,48,151,70,103,glyphs/i-37.png,110.0,149.0,67.0,119.0
941,І,i,i,True,italic,False,62,136,44,154,74,110,glyphs/i-38.png,105.0,153.0,61.0,121.0
942,І,i,i,True,italic,False,74,124,50,149,50,99,glyphs/i-39.png,108.0,149.0,78.0,117.0
943,І,i,i,True,italic,False,66,133,35,163,67,128,glyphs/i-40.png,109.0,162.0,69.0,130.0
944,Ї,yi,yi,True,italic,False,62,136,37,162,74,125,glyphs/yi-21.png,118.0,162.0,67.0,115.0
945,Ї,yi,yi,True,italic,False,61,130,40,158,69,118,glyphs/yi-22.png,112.0,157.0,61.0,116.0
946,Ї,yi,yi,True,italic,False,65,134,44,155,69,111,glyphs/yi-23.png,107.0,154.0,64.0,100.0
947,Ї,yi,yi,True,italic,False,63,136,36,163,73,127,glyphs/yi-24.png,110.0,162.0,63.0,106.0
948,Ї,yi,yi,True,italic,False,59,139,35,163,80,128,glyphs/yi-25.png,108.0,161.0,60.0,116.0
949,Ї,yi,yi,True,italic,False,68,130,40,158,62,118,glyphs/yi-26.png,114.0,158.0,71.0,108.0
950,Ї,yi,yi,True,italic,False,59,140,40,159,81,119,glyphs/yi-27.png,112.0,158.0,59.0,114.0
951,Ї,yi,yi,True,italic,False,74,125,43,155,51,112,glyphs/yi-28.png,105.0,155.0,76.0,121.0
952,Ї,yi,yi,True,italic,False,67,132,45,154,65,109,glyphs/yi-29.png,108.0,153.0,69.0,128.0
953,Ї,yi,yi,True,italic,False,55,144,47,151,89,104,glyphs/yi-30.png,117.0,151.0,55.0,98.0
954,Ї,yi,yi,True,italic,False,62,137,39,159,75,120,glyphs/yi-31.png,117.0,157.0,68.0,121.0
955,Ї,yi,yi,True,italic,False,58,141,37,162,83,125,glyphs/yi-32.png,112.0,161.0,63.0,119.0
956,Ї,yi,yi,True,italic,False,53,146,37,161,93,124,glyphs/yi-33.png,110.0,159.0,56.0,103.0
957,Ї,yi,yi,True,italic,False,58,140,35,164,82,129,glyphs/yi-34.png,107.0,162.0,70.0,115.0
958,Ї,yi,yi,True,italic,False,71,127,49,150,56,101,glyphs/yi-35.png,109.0,148.0,76.0,112.0
959,Ї,yi,yi,True,italic,False,65,134,40,158,69,118,glyphs/yi-36.png,114.0,157.0,69.0,124.0
960,Ї,yi,yi,True,italic,False,54,144,41,158,90,117,glyphs/yi-37.png,110.0,157.0,58.0,116.0
961,Ї,yi,yi,True,italic,False,56,143,45,154,87,109,glyphs/yi-38.png,109.0,152.0,64.0,115.0
962,Ї,yi,yi,True,italic,False,65,133,49,150,68,101,glyphs/yi-39.png,104.0,149.0,66.0,110.0
963,Ї,yi,yi,True,italic,False,52,147,38,160,95,122,glyphs/yi-40.png,108.0,158.0,55.0,105.0
964,Й,y,j,True,italic,False,56,143,45,153,87,108,glyphs/j-21.png,103.0,152.0,69.0,130.0
965,Й,y,j,True,italic,False,51,148,56,142,97,86,glyphs/j-22.png,99.0,139.0,72.0,137.0
966,Й,y,j,True,italic,False,50,149,41,157,99,116,glyphs/j-23.png,111.0,156.0,73.0,131.0
967,Й,y,j,True,italic,False,59,140,42,157,81,115,glyphs/j-24.png,108.0,155.0,68.0,132.0
968,Й,y,j,True,italic,False,58,141,48,151,83,103,glyphs/j-25.png,109.0,150.0,63.0,134.0
969,Й,y,j,True,italic,False,65,134,52,146,69,94,glyphs/j-26.png,103.0,144.0,66.0,128.0
970,Й,y,j,True,italic,False,64,134,42,156,70,114,glyphs/j-27.png,110.0,155.0,63.0,127.0
971,Й,y,j,True,italic,False,73,126,46,152,53,106,glyphs/j-28.png,116.0,150.0,73.0,116.0
972,Й,y,j,True,italic,False,65,134,45,153,69,108,glyphs/j-29.png,104.0,153.0,63.0,121.0
973,Й,y,j,True,italic,False,53,145,55,144,92,89,glyphs/j-30.png,101.0,138.0,63.0,138.0
974,Й,y,j,True,italic,False,70,129,49,150,59,101,glyphs/j-31.png,102.0,148.0,73.0,122.0
975,Й,y,j,True,italic,False,73,125,51,148,52,97,glyphs/j-32.png,104.0,149.0,74.0,115.0
976,Й,y,j,True,italic,False,71,128,45,154,57,109,glyphs/j-33.png,104.0,151.0,70.0,121.0
977,Й,y,j,True,italic,False,54,145,53,145,91,92,glyphs/j-34.png,104.0,145.0,60.0,137.0
978,Й,y,j,True,italic,False,66,133,45,153,67,108,glyphs/j-35.png,107.0,151.0,61.0,125.0
979,Й,y,j,True,italic,False,65,133,44,154,68,110,glyphs/j-36.png,116.0,153.0,62.0,113.0
980,Й,y,j,True,italic,False,66,133,51,147,67,96,glyphs/j-37.png,104.0,142.0,64.0,127.0
981,Й,y,j,True,italic,False,63,136,43,155,73,112,glyphs/j-38.png,113.0,151.0,66.0,124.0
982,Й,y,j,True,italic,False,66,132,46,153,66,107,glyphs/j-39.png,107.0,147.0,63.0,124.0
983,К,k,k,True,italic,False,51,148,42,156,97,114,glyphs/k-21.png,101.0,150.0,62.0,129.0
984,К,k,k,True,italic,False,51,147,41,158,96,117,glyphs/k-22.png,94.0,154.0,61.0,120.0
985,К,k,k,True,italic,False,53,145,43,155,92,112,glyphs/k-23.png,98.0,152.0,61.0,123.0
986,К,k,k,True,italic,False,51,148,38,160,97,122,glyphs/k-24.png,102.0,158.0,51.0,119.0
987,К,k,k,True,italic,False,59,139,45,153,80,108,glyphs/k-25.png,100.0,153.0,66.0,120.0
988,К,k,k,True,italic,False,48,150,36,162,102,126,glyphs/k-26.png,104.0,161.0,54.0,134.0
989,К,k,k,True,italic,False,52,147,43,156,95,113,glyphs/k-27.png,101.0,154.0,54.0,129.0
990,К,k,k,True,italic,False,43,156,37,161,113,124,glyphs/k-28.png,102.0,156.0,53.0,144.0
991,К,k,k,True,italic,False,49,150,38,160,101,122,glyphs/k-29.png,99.0,157.0,60.0,130.0
992,К,k,k,True,italic,False,43,156,42,157,113,115,glyphs/k-30.png,99.0,157.0,48.0,146.0
993,К,k,k,True,italic,False,55,143,38,160,88,122,glyphs/k-31.png,106.0,156.0,57.0,131.0
994,К,k,k,True,italic,False,49,150,32,167,101,135,glyphs/k-32.png,107.0,164.0,49.0,124.0
995,К,k,k,True,italic,False,46,152,45,153,106,108,glyphs/k-33.png,102.0,151.0,48.0,138.0
996,К,k,k,True,italic,False,52,147,39,159,95,120,glyphs/k-34.png,109.0,154.0,57.0,140.0
997,К,k,k,True,italic,False,49,149,40,159,100,119,glyphs/k-35.png,112.0,157.0,58.0,133.0
998,К,k,k,True,italic,False,42,157,40,158,115,118,glyphs/k-36.png,120.0,154.0,44.0,132.0
999,К,k,k,True,italic,False,53,146,46,152,93,106,glyphs/k-37.png,107.0,151.0,57.0,126.0
1000,К,k,k,True,italic,False,51,147,42,156,96,114,glyphs/k-38.png,99.0,155.0,59.0,138.0
1001,К,k,k,True,italic,False,43,155,39,160,112,121,glyphs/k-39.png,103.0,158.0,48.0,122.0
1002,К,k,k,True,italic,False,23,175,0,198,152,198,glyphs/k-40.png,99.0,148.0,23.0,105.0
1003,Л,l,l,True,italic,False,57,142,38,161,85,123,glyphs/l-21.png,108.0,159.0,58.0,133.0
1004,Л,l,l,True,italic,False,50,148,41,158,98,117,glyphs/l-22.png,108.0,154.0,55.0,140.0
1005,Л,l,l,True,italic,False,52,147,36,162,95,126,glyphs/l-23.png,112.0,162.0,55.0,138.0
1006,Л,l,l,True,italic,False,52,147,49,150,95,101,glyphs/l-24.png,101.0,149.0,56.0,140.0
1007,Л,l,l,True,italic,False,49,150,34,164,101,130,glyphs/l-25.png,99.0,154.0,57.0,144.0
1008,Л,l,l,True,italic,False,53,146,45,153,93,108,glyphs/l-26.png,101.0,152.0,52.0,138.0
1009,Л,l,l,True,italic,False,45,153,25,173,108,148,glyphs/l-27.png,111.0,167.0,43.0,142.0
1010,Л,l,l,True,italic,False,61,138,40,158,77,118,glyphs/l-28.png,110.0,158.0,61.0,135.0
1011,Л,l,l,True,italic,False,62,137,31,168,75,137,glyphs/l-29.png,110.0,167.0,62.0,132.0
1012,Л,l,l,True,italic,False,54,144,26,172,90,146,glyphs/l-30.png,107.0,170.0,54.0,140.0
1013,Л,l,l,True,italic,False,59,140,33,165,81,132,glyphs/l-31.png,111.0,164.0,61.0,135.0
1014,Л,l,l,True,italic,False,48,150,39,159,102,120,glyphs/l-32.png,111.0,159.0,54.0,145.0
1015,Л,l,l,True,italic,False,61,137,51,148,76,97,glyphs/l-33.png,111.0,148.0,66.0,132.0
1016,Л,l,l,True,italic,False,54,144,35,163,90,128,glyphs/l-34.png,111.0,160.0,58.0,143.0
1017,Л,l,l,True,italic,False,49,149,34,165,100,131,glyphs/l-35.png,118.0,162.0,52.0,141.0
1018,Л,l,l,True,italic,False,47,152,32,167,105,135,glyphs/l-36.png,118.0,165.0,50.0,146.0
1019,Л,l,l,True,italic,False,47,151,30,168,104,138,glyphs/l-37.png,115.0,157.0,49.0,144.0
1020,Л,l,l,True,italic,False,48,151,17,181,103,164,glyphs/l-38.png,129.0,170.0,46.0,141.0
1021,Л,l,l,True,italic,False,47,151,24,175,104,151,glyphs/l-39.png,124.0,172.0,47.0,131.0
1022,Л,l,l,True,italic,False,35,164,0,198,129,198,glyphs/l-40.png,116.0,165.0,34.0,121.0
1023,Н,n,n,True,italic,False,35,164,41,158,129,117,glyphs/n-20.png,108.0,155.0,40.0,151.0
1024,Н,n,n,True,italic,False,52,147,39,159,95,120,glyphs/n-21.png,105.0,155.0,54.0,140.0
1025,Н,n,n,True,italic,False,50,149,42,157,99,115,glyphs/n-22.png,108.0,157.0,55.0,139.0
1026,Н,n,n,True,italic,False,30,169,34,165,139,131,glyphs/n-23.png,107.0,164.0,36.0,163.0
1027,Н,n,n,True,italic,False,42,156,33,166,114,133,glyphs/n-24.png,111.0,162.0,49.0,148.0
1028,Н,n,n,True,italic,False,43,156,32,167,113,135,glyphs/n-25.png,109.0,166.0,42.0,135.0
1029,Н,n,n,True,italic,False,55,143,38,160,88,122,glyphs/n-26.png,108.0,158.0,58.0,130.0
1030,Н,n,n,True,italic,False,62,136,38,160,74,122,glyphs/n-27.png,114.0,158.0,65.0,123.0
1031,Н,n,n,True,italic,False,49,150,37,161,101,124,glyphs/n-28.png,104.0,160.0,55.0,139.0
1032,Н,n,n,True,italic,False,57,141,38,161,84,123,glyphs/n-29.png,101.0,154.0,58.0,132.0
1033,Н,n,n,True,italic,False,56,143,28,170,87,142,glyphs/n-30.png,106.0,156.0,60.0,134.0
1034,Н,n,n,True,italic,False,45,154,42,157,109,115,glyphs/n-31.png,101.0,148.0,49.0,144.0
1035,Н,n,n,True,italic,False,41,157,36,163,116,127,glyphs/n-32.png,103.0,157.0,43.0,147.0
1036,Н,n,n,True,italic,False,20,179,35,164,159,129,glyphs/n-33.png,37.0,147.0,23.0,99.0
1037,Н,n,n,True,italic,False,55,144,35,163,89,128,glyphs/n-34.png,79.0,156.0,55.0,140.0
1038,Н,n,n,True,italic,False,54,144,35,164,90,129,glyphs/n-35.png,92.0,162.0,56.0,139.0
1039,Н,n,n,True,italic,False,40,158,41,158,118,117,glyphs/n-36.png,102.0,158.0,49.0,154.0
1040,Н,n,n,True,italic,False,66,132,37,161,66,124,glyphs/n-37.png,108.0,160.0,64.0,132.0
1041,Н,n,n,True,italic,False,58,140,29,170,82,141,glyphs/n-38.png,105.0,165.0,63.0,134.0
1042,Н,n,n,True,italic,False,37,161,0,198,124,198,glyphs/n-39.png,124.0,176.0,53.0,149.0
1043,О,o,o,True,italic,False,64,135,28,170,71,142,glyphs/o-20.png,114.0,170.0,63.0,126.0
1044,О,o,o,True,italic,False,72,127,33,166,55,133,glyphs/o-21.png,100.0,165.0,71.0,115.0
1045,О,o,o,True,italic,False,70,129,29,169,59,140,glyphs/o-22.png,95.0,167.0,78.0,129.0
1046,О,o,o,True,italic,False,61,137,28,170,76,142,glyphs/o-23.png,95.0,169.0,67.0,115.0
1047,О,o,o,True,italic,False,70,129,34,164,59,130,glyphs/o-24.png,100.0,163.0,70.0,120.0
1048,О,o,o,True,italic,False,67,131,31,168,64,137,glyphs/o-25.png,95.0,167.0,83.0,131.0
1049,О,o,o,True,italic,False,65,134,36,162,69,126,glyphs/o-26.png,100.0,158.0,73.0,113.0
1050,О,o,o,True,italic,False,77,121,31,168,44,137,glyphs/o-27.png,99.0,167.0,78.0,111.0
1051,О,o,o,True,italic,False,73,126,34,164,53,130,glyphs/o-28.png,99.0,161.0,76.0,118.0
1052,О,o,o,True,italic,False,65,134,49,150,69,101,glyphs/o-29.png,103.0,149.0,80.0,122.0
1053,О,o,o,True,italic,False,72,127,36,163,55,127,glyphs/o-30.png,105.0,163.0,70.0,112.0
1054,О,o,o,True,italic,False,67,131,41,157,64,116,glyphs/o-31.png,108.0,155.0,68.0,110.0
1055,О,o,o,True,italic,False,65,134,41,157,69,116,glyphs/o-32.png,106.0,152.0,66.0,114.0
1056,О,o,o,True,italic,False,65,134,37,161,69,124,glyphs/o-33.png,106.0,157.0,88.0,131.0
1057,О,o,o,True,italic,False,72,126,45,153,54,108,glyphs/o-34.png,101.0,151.0,81.0,114.0
1058,О,o,o,True,italic,False,71,127,43,155,56,112,glyphs/o-35.png,109.0,154.0,77.0,109.0
1059,О,o,o,True,italic,False,67,132,38,160,65,122,glyphs/o-36.png,106.0,158.0,72.0,128.0
1060,О,o,o,True,italic,False,68,131,34,164,63,130,glyphs/o-37.png,109.0,164.0,75.0,120.0
1061,О,o,o,True,italic,False,69,130,37,161,61,124,glyphs/o-38.png,108.0,160.0,78.0,119.0
1062,О,o,o,True,italic,False,40,159,1,197,119,196,glyphs/o-39.png,101.0,159.0,56.0,111.0
1063,А,a,a,True,italic,True,56,142,44,154,86,110,glyphs/a-41.png,109.0,154.0,69.0,130.0
1064,А,a,a,True,italic,True,60,138,45,153,78,108,glyphs/a-42.png,115.0,153.0,73.0,133.0
1065,А,a,a,True,italic,True,58,141,43,156,83,113,glyphs/a-43.png,98.0,135.0,58.0,135.0
1066,А,a,a,True,italic,True,54,145,41,157,91,116,glyphs/a-44.png,110.0,148.0,70.0,144.0
1067,А,a,a,True,italic,True,63,135,41,158,72,117,glyphs/a-45.png,114.0,158.0,64.0,130.0
1068,А,a,a,True,italic,True,50,149,32,167,99,135,glyphs/a-46.png,118.0,166.0,57.0,121.0
1069,А,a,a,True,italic,True,55,144,48,150,89,102,glyphs/a-47.png,110.0,149.0,55.0,142.0
1070,А,a,a,True,italic,True,57,141,25,174,84,149,glyphs/a-48.png,124.0,172.0,63.0,140.0
1071,А,a,a,True,italic,True,57,141,37,161,84,124,glyphs/a-49.png,108.0,161.0,58.0,136.0
1072,А,a,a,True,italic,True,60,138,48,151,78,103,glyphs/a-50.png,111.0,154.0,62.0,140.0
1073,А,a,a,True,italic,True,52,147,46,152,95,106,glyphs/a-51.png,107.0,153.0,53.0,146.0
1074,А,a,a,True,italic,True,51,148,49,149,97,100,glyphs/a-52.png,110.0,151.0,50.0,149.0
1075,А,a,a,True,italic,True,58,140,44,155,82,111,glyphs/a-53.png,109.0,154.0,55.0,138.0
1076,А,a,a,True,italic,True,56,143,35,164,87,129,glyphs/a-54.png,105.0,162.0,63.0,123.0
1077,А,a,a,True,italic,True,58,140,37,161,82,124,glyphs/a-55.png,110.0,159.0,60.0,119.0
1078,А,a,a,True,italic,True,47,152,38,161,105,123,glyphs/a-56.png,108.0,160.0,52.0,133.0
1079,А,a,a,True,italic,True,51,148,45,153,97,108,glyphs/a-57.png,104.0,148.0,57.0,136.0
1080,А,a,a,True,italic,True,50,149,42,157,99,115,glyphs/a-58.png,101.0,152.0,52.0,133.0
1081,А,a,a,True,italic,True,56,143,56,143,87,87,glyphs/a-59.png,0.0,-1.0,0.0,-1.0
1082, , ,space,False,italic,False,0,0,0,0,0,0,glyphs/space-1.png,112.0,160.0,37.0,148.0
